source_article,updated_label
"company's slogan ""Expect More. Pay Less.""",appeal to emotion
"The bigger a child's shoe size, the better the child's handwriting",false causality
"Since many people believe this, then it must be true",ad populum
Senator Randall isn't lying when she says she cares about her constituents—she wouldn't lie to people she cares about.,circular reasoning
"A mother is telling her daughter that she went over her data for the month, and the daughter begins telling her mother about getting an A on a math test.",fallacy of relevance
A mother tells her children not to leave the yard because there might be wild animals in the woods.,appeal to emotion
"If we ban Hummers because they are bad for the environment, eventually the government will ban all cars, so we should not ban Hummers.",faulty generalization
very time Joe goes swimming he is wearing his Speedos. Something about wearing that Speedo must make him want to go swimming.,false causality
"""You were late tonight. You must be cheating!""",faulty generalization
"Every time I go to sleep, the sun goes down. Therefore, my sleeping causes the sun to set.",false causality
"Makes people feel as though everyone is doing it, so they should too.",ad populum
You oppose a senator's proposal to extend government-funded health care to poor minority children because that senator is a liberal Democrat.,ad hominem
"Child: This fish tastes funny. I don’t want to eat this.
Parent: There are children starving in Africa. Eat your dinner.",fallacy of relevance
"John: I think we should hire someone to redesign our website.
Lola: You're saying we should throw our money away on external resources instead of building up our in-house design team? That's going to hurt our company in the long run.",fallacy of extension
"""Beware of appeals made only to your feelings and not to your logic.""",appeal to emotion
"taps into people's desire to belong to a group. ""Everyone else is doing it!""",ad populum
Science shows us that improved quality of life comes through research and invention.,equivocation
"Prof. Jones: ""The university just cut our yearly budget by $10,000."" Prof. Smith: ""What are we going to do?"" Prof. Brown: ""I think we should eliminate one of the teaching assistant positions. That would take care of it."" Prof. Jones: ""We could reduce our scheduled raises instead."" Prof. Brown: "" I can't understand why you want to bleed us dry like that, Jones.""",fallacy of extension
uses irrelevant information or other techniques to distract from the argument at hand,fallacy of relevance
"If Joe eats greasy food, he will feel sick.
Joe feels sick.
Therefore, Joe ate greasy food.",fallacy of logic
"The student didn't want to participate in the beach cleanup. Later, the student's advisor says ""I can't believe she doesn't believe in climate change"".",fallacy of extension
"This herbal supplement is made from a plant that grows in Zambia. It must be healthier than taking that medication, which is full of chemicals I can't pronounce.",fallacy of credibility
"I know the Professor said that the Bridges of Madison County was smarmy trash and lacked any artistic worth. But I still think he's wrong. After all, it was on the best-seller list for over 100 weeks.

Identify the logical fallacy commited in this argument.",ad populum
Those who believe in behavior modification obviously want to try to control everyone by subjecting them to rewards and punishments.,fallacy of extension
"If taxes are lowered, I will have more money to spend.
I have more money to spend.
Therefore, taxes must have been lowered.",fallacy of logic
"If there is no freewill, then we are not ultimately in control of our actions. If this is true, our entire system of justice would be seriously flawed. This would be very bad; therefore, freewill must exist.",appeal to emotion
Students never used to have cell phones so they don't need them now.,fallacy of credibility
All football players are dumb jocks.,faulty generalization
"""My cousin said her Math class was hard. The one that I’m in is hard too. All Math classes must be hard.""
This statement is an example of…",faulty generalization
"""In his class president election video, he called his student opponent 'a brown-nosing, suck up who only wanted to get on the teacher's good side,' which got him disqualified"" IS an example of THIS fallacy.",ad hominem
"Jack: I have tiny, invisible unicorns living in my anus.
Nick: How do you figure?
Jack: Can you prove that I don't?
Nick: No.
Jack: Then I do.
",intentional
Dismissing someone's viewpoint on an issue because he himself is inconsistent in that very thing.,ad hominem
Using the second amendment as justification to allow civilians to own nuclear submarines.,faulty generalization
"Your brain is made of molecules.  Molecules are not the source of consciousness.  Therefore, your brain cannot be the source of consciousness.",faulty generalization
"The “prophet” Nostradamus wrote about 500 years ago:

Beasts wild with hunger will cross the rivers,
The greater part of the battle will be against Hister.
He will cause great men to be dragged in a cage of iron,
When the son of Germany obeys no law.

Surely he must have had some vision of Hitler!",intentional
"You’re a vegetarian? You do realize that Hitler was a vegetarian, too?",ad hominem
An opinion article in a campus newspaper states that in an all-campus survey 95% of students think that tuition should be lowered and therefore tuition should be lowered immediately.,ad populum
"""I am a great leader because I make great leadership decisions. The proof that I make great leadership decisions is that I am a great leader, and that's what leaders do."" What is this?",circular reasoning
Mayor Blake wants to create more bicycle lanes in Lowell. Why is he forcing us to give up our cars and bike everywhere?,fallacy of extension
You should give me a promotion. I have a lot of debt and am behind on my rent.,appeal to emotion
All women care about are their looks.,faulty generalization
"Either support gun confiscation or have the government provide everyone with his own private nuclear warhead, you decide which one.",false dilemma
"Either we go to war, or we appear weak",false dilemma
", tax relief instead of tax cut, or death tax instead of estate tax)",appeal to emotion
"If we teach anton how to drive the car, he’ll want to learn how to fly helicopters next!",faulty generalization
Students should not be allowed to park in lots now reserved for faculty because those lots should be for faculty only.,circular reasoning
Not tipping your waiter is like stealing money right out of someone's wallet.,fallacy of logic
You have to give me a passing grade. I spent 150 hours on that project and missed every party this quarter.,appeal to emotion
"A study was done recently showing that church attendance was positively correlated with marriage longevity, that is, those couples who attended church together more often were more likely to stay married. This really should not be a surprise considering the general view of divorce within religion. What this does not mean is that any given couple who does not attend church is more likely to get divorced than any given couple that does attend church.",faulty generalization
Circular reasoning occurs when someone makes an argument in which both the premises and the conclusion have to rely on the truthfulness of the other.,circular reasoning
AttP 1: Jenny & Bert's Economy Conversation,ad populum
Allowing gay marriage puts us on the way to polygamy and bestiality,faulty generalization
"Debate moderator: ""What will you do to fix the economic crisis?"" Candidate: ""It's important to focus on what started this crisis to begin with. My opponent...""",fallacy of relevance
"""I used to have that haircut. Then my mom got a job.""",ad hominem
"My opponent suggests that lowering taxes will be a good idea -- this is coming from a woman who eats a pint of Ben and Jerry’s each night!
Mi oponente sugiere que bajar los impuestos será una buena idea, ¡esto viene de una mujer que se come una pinta de Ben y Jerry cada noche!",ad hominem
"All useless laws, such as Reform Bill 13, should be repealed.",circular reasoning
"FlatSam: Common sense tells us that if the earth were a sphere, people on the bottom would fall off.
ReasonEric: I don’t think you get to reference something you clearly don’t have.
",intentional
I work out in the morning because it worked for my friend.,faulty generalization
"The flu vaccine comes out every year just before the holidays, then people go and spend a lot of money. Therefore, businesses are secretly using the flu vaccine as a mind control device to increase holiday spending.",false causality
"I am committed to preserving traditional marriage, the union of one man and one woman.",fallacy of credibility
"John: We should oppose any attempt to register firearms. Such regulation is the first step to confiscation of all weapons and the elimination of our constitutional right to bear arms.

Ted: This is preposterous. Many things in society are registered, such as cars, babies, boats, and lanes, yet these items have never been confiscated.",faulty generalization
"John says that Kentucky will beat Florida, but John sometimes lies, so I'm not sure.",ad hominem
"A fallacy of relevance where someone rejects or criticizes another person’s view on the basis of personal characteristics, background, physical appearance, or other features irrelevant to the",ad hominem
"Nature gives people diseases and sickness; therefore, it is morally wrong to interfere with nature and treat sick people with medicine.",fallacy of credibility
Having a television rating system is like being in prison.  Both infringe on one's rights.,faulty generalization
“There aren’t any good restaurants in Sydney; I tried two and they were both horrible.”,faulty generalization
"I hear the rain falling outside my window; therefore, the sun is not shining.",fallacy of logic
"""I stay away from those gatherings because I don't want to be brainwashed.""",circular reasoning
"If Mom didn't turn off the air conditioner, then clearly she must be too hot.",false dilemma
"Mike: It is morally wrong to cheat on your spouse, why on earth would you have done that?
Ken: But what is morality exactly?
Mike: It’s a code of conduct shared by cultures.
Ken: But who creates this code?...",fallacy of relevance
"Charlie: Illegal posting and sharing of songs online is crippling the music industry.
Bob: You couldn’t be more wrong; the music industry is doing just fine. I can’t believe you think the government should be allowed to regulate what I share with my “friends.” No one wants a world where I can’t loan a book to my girlfriend, let my roommate borrow my iPod, or share a funny meme with my blog followers.",fallacy of extension
"""We've got to stop them from banning poetry. Once they start banning one form of literature, they will never stop. Next thing you know, they will be burning all the books!"" Ammar demanded.",faulty generalization
"Mayor: During my previous term as mayor my staff and I spent a great deal of time focusing on our city’s economy, and unemployment reached an all-time high as a result. So clearly you should support my re-election campaign if you are among those still looking for a job.",fallacy of logic
"Sometimes kids ride skateboards and fall off, breaking their arms or legs. Clearly, riding a skateboard is extremely dangerous. Don’t you think skateboards should be banned?",appeal to emotion
Fortnite is the best game ever. Everyone is playing it!,ad populum
"Several years ago, a group of 10 psychologists started a psychology training program. Each of those psychologists is efficient, effective, and highly-regarded. Their training program must be efficient, effective, and highly-regarded.",faulty generalization
Don't listen to her advice about math. She doesn't even know how to tie her own shoes!,ad hominem
George Bush is a good communicator because he speaks effectively.,circular reasoning
The Supreme Court has just flinched from its responsibility to stop the unjust jailing of two journalists―not charged with any wrongdoing―by a runaway prosecutor who will go to any lengths to use the government's contempt power to force them to betray their confidential sources.,appeal to emotion
You can either support our police or Black Lives Matter.,false dilemma
"An abusive attack against someone making the argument, instead of the argument itself, is called a/an",ad hominem
"Jon: Why should I bother exercising while my spouse is on vacation stuffing her face with food.
",appeal to emotion
"Speaker 1: I think the idea of a moral law requires the existence of a lawgiver (i.e. God).
Speaker 2: Of course you would say that. You’re a Christian. Why should we listen to you?",ad hominem
The latest craze or fad; everyone has to have it.,ad populum
Ms. Baker assigned me a lot of homework because she’s a witch!,ad hominem
"""I don't know how to complete my geometry homework tonight; I probably can't pass the course since I can't do this one assignment.""",faulty generalization
"TOPIC: Should people let their cats go outside?
DEBATE: ""People should let their cats go outside. Going outside gives cats more exercise.""
""Speaking of exercise, have you ever played 'Just Dance'? What a great workout!""",fallacy of relevance
Three congressional representatives have had affairs. Members of Congress are adulterers.,faulty generalization
"""Because everybody thinks this way, it must be right.""",ad populum
That answer you just gave cannot be right because you are always so rude.,ad hominem
I am voting for Smith for President because the rest of my family is voting for him.,ad populum
"Jimmy Swaggart argued strongly against sexual immorality, yet while married, he has had several affairs with prostitutes; therefore, sexual immorality is acceptable.",ad hominem
"If you break your diet and have one cookie tonight, you will just want to eat 10 cookies tomorrow, and before you know it, you will have gained back the 15 pounds you lost. This is an example of which logical fallacy?",faulty generalization
"Power lines cause cancer.  I met a little boy with cancer who lived just 20 miles from a power line who looked into my eyes and said, in his weak voice, “Please do whatever you can so that other kids won’t have to go through what I am going through.”  I urge you to vote for this bill to tear down all power lines and replace them with monkeys on treadmills.",appeal to emotion
"Don't ever gamble! Once you start, you won't be able to stop, and you'll end up bankrupt.",faulty generalization
The writer or speaker intentionally misleads the audience by using a word with a double or ambiguous meaning.,equivocation
"I lost my phone in the living room, so it will always be in the living room when it is lost.",circular reasoning
Everyone loves Post Malone and can name at least one of his songs! (This is an example of...),faulty generalization
I can't understand why people are complaining that it's difficult to find a job in this job market. My daughter and I got jobs without any trouble.,faulty generalization
This theory originally occurred to a scientist in the form of a dream; therefore it cannot be valid.,ad hominem
"Thanks to her enduring popularity with employees, Ella Watson is the best-liked CEO in our company's history.",circular reasoning
"If you don’t like Lady Gaga, it’s because you hate women.",fallacy of extension
"John: Can you please help me push my car to the side of the road until the tow truck comes?
Paul: Why push it to the side of the road?  Why not just leave it?
John: It is slowing down traffic unnecessarily where it is.
Paul: Many things slow down traffic—do you feel you need to do something about all them?
John: No, but this was my fault.
Paul: Was it really? Were you the direct cause of your car breaking down?
John: Are you going to help me move this damn car or not?!
",fallacy of relevance
Billy murdered all those people because I spanked him when he was a child.,false causality
"Mormonism is one of the fastest growing sects of Christianity today so that whole story about Joseph Smith getting the golden plates that, unfortunately, disappeared back into heaven, must be true!",ad populum
"Sandra tells her mom, ""I deserve to have a later curfew, so you should let me stay out until 10pm!""",circular reasoning
"""Stephen Hawking in the smartest scientist on the planet, so if he says global warming is real, it must be true!""",fallacy of credibility
The Royals are promoting their team for the next season by telling people to come join the team because everyone else has.,ad populum
He sometimes behaves violently when I am around him. I don't know what it is that I am doing to make him become so violent.,fallacy of logic
"While doing research for her debate topic on school uniforms, Sara discovered that a local elementary school survey indicated that 72% of its 1st graders wanted uniforms. She used this as evidence to support that all high schools should wear school uniforms.
What fallacy did Sara use here?",faulty generalization
Incorrectly thinking that one thing leads to another,false causality
"The economy continues to grow as the number of “likes” on my Instagram account continue to increase. Clearly, the two are linked.",false causality
"If you accept that the story of Adam and Eve was figurative, then you will do the same for most of the Old Testament stories of similar literary styles. Once you are there, the New Testament and the story of Jesus does not make sense, which will lead you to believe that the resurrection of Jesus was a “spiritual” one. Once you accept that, you won’t be a Christian anymore; you will be a dirty atheist, then you will have no morals and start having sex with animals of a barnyard nature. So you better take the story of Adam and Eve literally, before the phrase, “that chicken looks delicious”, takes on a whole new meaning.",faulty generalization
Affirmative Action can never be fair or just. You cannot remedy one injustice by committing another.,circular reasoning
All my friends are doing a low carb diet. That must be the only way to lose weight so I will do it too.,ad populum
Canada is the best country to live in because it's better than the other countries!,circular reasoning
A mother who tells the pediatrician that she doesn't trust his judgment because he's never been a mother.,ad hominem
"""Florida is the most important state because it has sun and beaches.""",fallacy of extension
"Bertrand declares that a teapot is, at this very moment, in orbit around the Sun between the Earth and Mars, and that because no one can prove him wrong, his claim is therefore a valid one.",intentional
People who wear glasses are smarter.,faulty generalization
"""In its origins [AIDS] was entirely a disease of sodomites... That the first case was diagnosed a little over a decade after the so-called ""Gay Rights"" and ""Gay Pride"" movement gained momentum and force can hardly be coincidental."" - Harry Jaffa, Professor Emeritus of Political Philosophy at Claremont McKenna College",false causality
Order is necessary to justice because justice can only be achieved by a program of social and legal order.,circular reasoning
Everyone wants the iPhone 11 because it's the best phone on the market!,ad populum
A parent who says that the teacher doesn't know how to teach because she graduated from a community college.,ad hominem
"Either God created the world or evolution happened.
Evolution happened.
Therefore, God did not create the world.",fallacy of logic
"After Will said that we should put more money into health and education, Warren responded by saying that he was surprised that Will hates our country so much that he wants to leave it defenseless by cutting military spending.",fallacy of extension
Did your misleading claims result in you getting promoted?,intentional
"America is the best place to live, because it's better than any other country. (This is a good example of...)",circular reasoning
"Ivan: You cannot borrow my car because it turns back into a pumpkin at midnight.
Sidney: If you really think that, you’re an idiot.
Ivan: That is an ad hominem; therefore, I can’t be an idiot.
Sidney: I beg to differ.",fallacy of logic
Allowing people to possess guns is like giving a bomb to a bunch of kids.,fallacy of logic
A person hanging out in a bar will be an alcoholic,faulty generalization
Joan is scratched by a cat while visiting her friend. Two days later she comes down with a fever. Joan concludes that the cat's scratch must be the cause of her illness.,false causality
The political commercials described the mayor as a “monster” who “hated babies” but they never discussed his plans for the city.,ad hominem
"If you accept that the story of Adam and Eve was figurative, then you will do the same for most of the Old Testament stories of similar literary styles.  Once you are there, the New Testament and the story of Jesus does not make sense, which will lead you to believe that the resurrection of Jesus was a “spiritual” one.  Once you accept that, you won’t be a Christian anymore; you will be a dirty atheist, then you will have no morals and start having sex with animals of a barnyard nature.  So you better take the story of Adam and Eve literally, before the phrase, “that chicken looks delicious”, takes on a whole new meaning.",faulty generalization
Of course Lou would want to go biking on field trip day - biking is the only thing he ever does! He shouldn't be allowed to choose an activity.,ad hominem
Force people to choose between two extreme choices intentionally ignoring the whole spectrum of other possibilities.,false dilemma
"All lions are animals.
All cats are animals.
Therefore, all lions are cats.",fallacy of logic
My neighbor’s child was kidnapped while playing alone in her yard. My city must be a dangerous place for children.,faulty generalization
"All the popular guys at school are dyeing their hair purple, so you should, too!",ad populum
Suggesting that John F. Kennedy won the presidency over Richard Nixon exclusively because of the debate on TV,false causality
“The two courses I took at Harvard were not very interesting. I don't think it is a good university.”,faulty generalization
"Richard Dawkins, an evolutionary biologist and perhaps the foremost expert in the field, says that evolution is true. Therefore, it's true.",fallacy of credibility
"If I went to the mall a polled 3 people, those opinions would not represent the opinions of the city population.",faulty generalization
"If you forget to floss, you will get cavities, and if you get cavities, you will lose all your teeth by the time you're 30.",faulty generalization
"""Some tall people recently vandalized the park, tall people are irresponsible.""",faulty generalization
"the analogy 'animal Auschwitz,' which compares the treatment of animals to the treatment of Jews, gays and other groups during the Nazi era.",fallacy of logic
"My mother has always told me not to drink milk after eating fish because she knows a friend whose skin got patched after drinking milk and eating fish together. Besides, many other people have told me the same thing so it must be true.",faulty generalization
Every severe recession follows a Republican Presidency; therefore Republicans are the cause of recessions.,false causality
"""Good source of Vitamin D""...*doesn't mention the terrible amounts of sugar.",intentional
"harmful atheists favor cloning, so cloning is wrong",ad hominem
"Based on a survey of 1000 American homeowners, 99% of those surveyed have two or more automobiles worth on average $100,000 each.  Therefore, Americans are very wealthy.",faulty generalization
"Ted: Biological evolution is both a theory and a fact.

Edwin: That is ridiculous! How can you possibly be absolutely certain that we evolved from pond scum!",fallacy of extension
"“Eat great food at our restaurant, or eat sad, boring meals at home.”",false dilemma
"My roommate wants to talk about cleaning out the garage, so I asked her what she wants to do with our patio furniture. Now she's shopping for new patio furniture and not asking me about the garage.",fallacy of relevance
"""The majority of people are voting for John Doe, so he must be the best candidate.""",ad populum
"""Your Honor, the defendant has been able to provide no strong evidence to prove his innocence; therefore, you must find him guilty.""",intentional
gun registration would start us sliding into the unconstitutional morass of universal arms confiscation.,faulty generalization
"Poetry is a based on rhythm, and music is based on rhythm, so isn't poetry a kind of music?",fallacy of logic
"If you don’t eat breakfast, you’ll slouch in your desk. If you slouch in your desk, you’ll hurt your back. If you hurt your back, you’ll never become President. What fallacy is being committed here?",faulty generalization
"It is possible to fake the moon landing through special effects. Therefore, the moon landing was a fake using special effects.",fallacy of logic
"""She's definitely a feminist; she watched the Democratic National Convention"" IS an example of this fallacy.",faulty generalization
"""The academic decathlon, Mr. Iglesias? That's a rich kid thing.""",false dilemma
This is an example of which fallacy?,ad populum
There is a lot of commotion regarding saving the environment. We cannot make this world an Eden. What will happen if it does become Eden? Adam and Eve got bored there!,fallacy of relevance
"If you don't pass this quiz, you will get a low grade. This will affect your score in the gradebook, you will fail Eng II. You will not graduate Highschool. You will not get a good job.",faulty generalization
Santa has a red suit. My dad has a red suit. My dad must be Santa Claus! (This is an example of...),fallacy of logic
Attributing the cause of World War II to only Adolf Hitler's hatred of the Jews,false causality
We should stop using hairspray because it is snowing in New York.,fallacy of logic
"Earl: Men don't cry
Jaquon: I cry all the time; it's healthy
Earl: Well, REAL men don't cry.
Jaquon: Earl, you should invest in some therapy.
Earl: Los hombres no lloran
Jaquon: lloro todo el tiempo; Es saludable
Earl: Bueno, los hombres REALES no lloran.
Jaquon: Earl, deberías invertir en terapia.",intentional
"The report suggests that 'the rise in violent offending and the explosion in the sales of iPods and other portable media devices is more than coincidental,' and asks, rather provocatively, 'Is There an iCrime Wave?' The report notes that nationally, violent crime fell every year from 1993 to 2004, before rising in 2005 and 2006, just as 'America’s streets filled with millions of people visibly wearing, and being distracted by, expensive electronic gear.'",false causality
"If you don’t agree to sign the labor agreement, we’ll fire you.",appeal to emotion
“My boss isn’t willing to increase the number of vacation days we get each year. That means she doesn’t care about our health. It’s wrong not to care about employees’ health. She should be replaced with someone who cares about the employees.”,fallacy of extension
"Many people criticize Thomas Jefferson for being an owner of slaves. But Jefferson was one of our greatest presidents, and his Declaration of Independence is one of the most eloquent pleas for freedom and democracy ever written. Clearly these criticisms are unwarranted.",fallacy of relevance
"Interviewer: What do you think should be done about people who swear in public?
Man on the Street: I think it should be against the law.
Interviewer: Oh, I suppose you're against the right to free speech, then?",fallacy of extension
"Red had come up six times in a row on the roulette wheel, so Greg knew that it was close to certain that black would be next up. Suffering an economic form of natural selection with this thinking, he soon lost all of his savings.",ad populum
"My grandmother smoked for 80 years and died at 100. Obviously, smoking isn’t harmful.",faulty generalization
"Steve: In Sweden, college is free for citizens. How come we can't do that here?
Ed: If you like Sweden so much, move there. The USA would be glad to be rid of your liberal ass!
",ad hominem
"You've never visited another country, so who cares what you say about immigration reform!",ad hominem
"I'm raising funds to help cure XYZ disease. If you don't donate, then you're part of the problem.",false dilemma
"""I see nobody on the road,"" said Alice.
""I only wish I had such eyes,"" the king remarked...""To be able to see Nobody! And at that distance, too! Why it's as much as I can do to see real people, by this light.""",equivocation
"We haven’t found the ruins of Troy, so the city of Troy didn’t really exist.",intentional
"Mike: It is morally wrong to cheat on your spouse, why on earth would you have done that?
Ken: But what is morality exactly?
Mike: It’s a code of conduct shared by cultures.
Ken: But who creates this code?...
",fallacy of relevance
"""We should abolish the death penalty. Many respected people, such as actor, Chewbacca, have publicly stated their opposition to it.""",fallacy of credibility
"According to the Supreme Court, we have a right to abortion. Therefore, it is right to have an abortion.",equivocation
The reason our company never makes any money is because we have a buffoon running it!,ad hominem
"Not believing in the literal resurrection of Jesus because the Bible has errors and contradictions, is like denying that the Titanic sank because eye-witnesses did not agree if the ship broke in half before or after it sank.",fallacy of logic
"Look, you are going to have to make up your mind. Either, you decide that you can afford this stereo, or your decide that you are going to have to go without music for a while.",false dilemma
"A student gets into trouble for not meeting the dress code at her school. When her teacher confronts her, she begins talking about how the dress code is a punishment for girls and boys are able to wear whatever they want.",fallacy of relevance
How do I know that Beth is the most intelligent person in our geometry class? I know because she's so smart.,circular reasoning
Mayor Kerr wants to create more bicycle lanes in Greenpoint. Why is he forcing us to give up our cars and bike everywhere?,fallacy of extension
Look at that face! Could anyone trust that to run the country?,ad hominem
assumes that short-term deviations will correct themselves,false causality
"""Everyone should like coffee: 95% of teachers do!""",ad populum
"All forest creatures live in the woods.
All leprechauns are forest creatures.
Therefore, some leprechauns live in the woods.",fallacy of logic
"Ken: There has to be an objective morality because otherwise terms like “right” and “wrong” would be meaningless since they have no foundation for comparison. 
Rob: The terms “right” and “wrong” are based on cultural norms, which do have a subjective foundation -- one that changes as the moral sphere of the culture changes.  The term “heavy” does not have an objective standard, yet we have no problem using that term in a meaningful way.  In fact, very few relational terms have any kind of objective foundation.
Ken: But without an objective morality, we would all be lost morally as a race.
Rob: Many would say that we are.
Ken: But how can you say that torturing children for fun is morally acceptable in any situation?
Rob: Personally, I wouldn’t, but you are implying that anything that is not objective must necessarily be seen in all possible ways. A feather may not be seen as “heavy” to anyone, but that doesn’t mean its “lightness” is still not relative to other objects.
Ken: But God is the standard of objective morality.  Prove that wrong!
Rob: That I cannot do.
",intentional
"This fallacy assumes something is true (or right, or good) because other people agree with it.",ad populum
"I know four poor families. They are lazy drug addicts. Therefore, all poor people are lazy drug addicts.",faulty generalization
How many times per day do you beat your wife?,intentional
"Maury: Please put all my chips on red 21.
Dealer: Are you sure you want to do that?  Red 21 just came up in the last spin.
Maury:  I didn’t know that!  Thank you!  Put it on black 15 instead.  I can’t believe I almost made that mistake!",false causality
"Don't listen to Senator Bob's opinion. He is a crook, and a spiteful loony man.",ad hominem
"Which type of appeal is used in the following phrase from the Declaration of Independence: “He has plundered our seas, ravaged our coasts, burned our towns, and destroyed the lives of our people”?",appeal to emotion
"I knew I should have helped that old lady across the road.  Because I didn’t, I have been having bad Karma all day.",false causality
"An NSA whistle-blower, William Binney, said last week that the agency’s surveillance activities put us on 'a slippery slope toward a totalitarian state'",faulty generalization
People nowadays only vote with their emotions instead of their brains.,faulty generalization
"According to the university brochure, the majors with the most students are Economics and Computer Science. Therefore, you should declare one of these majors if you want to have a successful career.",ad populum
Why should we put people on trial when we know they are guilty?,circular reasoning
"It’s getting late, and we still have to decide on the school budget. What do you say we just leave it as is and we can call it a night?",faulty generalization
We now produce the best program in existence; four thousand businesses subscribe to our program.,ad populum
"If I’m psychic, I will be able to see dead people. I see dead people, therefore I’m psychic.",fallacy of logic
"Ladies and gentlemen of the jury, look at the bloody clothes, the murder weapon. Imagine the helpless screams of the victim. Such a crime deserves no verdict except guilty, guilty!",fallacy of relevance
"If you told a person, ""I think we should all stay inside to bend the curve of COVID-19"" and they replied, ""so I guess you want people to lose their jobs then,"" what logical fallacy are they using?",fallacy of extension
Running the government is like running a business. You can’t keep running into debt and expect to be successful.,fallacy of logic
What did you use to wipe your fingerprints from the gun?,intentional
He said a lovely lady like me doesn't have to worry about his bear because this is a man-eating bear.,equivocation
"If it’s brown, flush it down.
I flushed it down.
Therefore, it was brown.",fallacy of logic
"Unless you can close your eyes to abuse, write a check to save this puppy.",false dilemma
Why must you always take such a stupid and uninformed approach to ethics?,intentional
"""He wouldn't make a good president because he looks like a sad muppet.""",ad hominem
"""I have one Japanese friend and it's true that all of them are numb.""",faulty generalization
"Lois and Jan did a ""snow dance"" one afternoon, and it snowed that night. They claimed to have brought the snow.",false causality
"Of course, your minister says he believes in God.  He would be unemployed otherwise.",ad hominem
"Jack is a good athlete. Jack comes from Canada. Therefore, all Canadians are good athletes.""",fallacy of logic
"Gertrude: I am tired of having to fill out these forms all day. Can't we find a more efficient system?
Cindy-Lou: If you're not happy with the way we do things, we can find someone who is!
",ad hominem
"If someone said, ""all kids love Cinnamon Toast Crunch, but you don't love it so you must not be a real kid,"" what logical fallacy are they using?",intentional
We should move to the midwest because the Wall Street Journal says the cost of living is cheaper there.,fallacy of credibility
Either we go to war or we appear weak.,false dilemma
"""If we ban Hummers because they are bad for the environment, then eventually the government will ban all cars; therefore, we should not ban Hummers.""",faulty generalization
"Lisa is trying to raise money for her university's library. In her address to the board of trustees, she says, ""We must raise tuition to cover the cost of new books. Otherwise, the school library will close!""
Of what fallacy is this an example?",false dilemma
"“President Jones raised taxes, and then the rate of violent crime went up. Jones is responsible for the rise in crime.”",false causality
"""How am I to get in?"" asked Alice again, in a louder tone.
""Are you to get in at all?"" said the Footman, ""That's the first question, you know.""",intentional
"Senator Jill: ""We'll have to cut education funding this year.""
Senator Bill: ""Why?""
Senator Jill: ""Well, either we cut the social programs or we live with a huge deficit and we can't live with the deficit.""",false dilemma
"Television Advertisement: Rush to shop at Super-Mart this weekend, everyone is doing it!",ad populum
Appealing to popularity or the fact that many people do something as an attempted form of validation.,ad populum
"One day, Megan wore a Donald Duck t-shirt, and she got an ¨A¨ on her Chemistry test. Now she wears a Donald Duck t-shirt every day to Chemistry class. 
Of what fallacy is this an example?",false causality
"Parent: You need to clean out your backpack.
Child: You know I have ADD! Why can’t you just accept me as I am?",fallacy of extension
All hunting is inhumane and should be outlawed.,circular reasoning
"Jeff is preparing to create a commercial for a new energy drink. He visits a local high school and surveys students in an English class about their beverage preferences. The majority of the class says they prefer grape flavored drinks, so Jeff tells his superiors that grape is the flavor favored most by high school students.

What error in reasoning has Jeff made?",faulty generalization
"There were wonderful psychologists who passed away several decades ago. If they could be effective in what they did without reading any of the studies or other articles that have been published in the last several decades, there's no need for me to read any of those works in order to be effective.",fallacy of logic
Where did you hide the marijuana you were smoking?,intentional
This technique using vague positive words that actually hold little meaning.,appeal to emotion
"“President Jones raised taxes, and then the rate of violent crime went up. Therefore, I think Jones is responsible for the rise in crime.""",false causality
All writing teachers must be awesome because Ms. Lopez is.,faulty generalization
"P1. Lead poisoning can contribute to violent behavior.
P2. Many inner city children have dangerous levels of lead in their blood.
C. Therefore, violent crime in the inner city can be solved by curing the lead problem.",false causality
"What I do know is that if a dirty bomb goes off on Wall Street and the winds are blowing this way, then I and much of this part of Brooklyn are possibly toast. Is that worth possible violations of the rights of some psycho-violent street thug? To me it is.",circular reasoning
"All men are mortal, and Socrates is a man, therefore Socrates likes dogs.",fallacy of logic
"Gas prices have been rising steadily these past few years. Thus, the cost of car ownership is higher than it was previously.",faulty generalization
"You see someone walking their dog. The dog goes to the bathroom on a lawn but they don’t pick up after their dog. You ask them to clean up after their dog, but they say, “why do you hate dogs?” What fallacy have they committed?",fallacy of extension
"If you don't study, you'll fail your test. Then you will do poorly in the class and your GPA will fall. You won't get into a good college, so you'll never get a decent job and you'll end up homeless.",faulty generalization
"The economy continues to grow as the number of likes on my Instagram account continue to increase. Clearly, the two are linked.",false causality
"When the judge asked the defendant why he hadn't paid his parking fines, he said that he shouldn't have to pay them because the sign said 'Fine for parking here' and so he naturally presumed that it would be fine to park there.",equivocation
Television Advertisement: Get all of your stains out by using new and improved Ultra Suds and wash your blues away!,appeal to emotion
"""Either the city should provide recycling bins or throw out the Recycling Act"" is an example of:",false dilemma
"This is usually used in a company's slogan, using words that are very vague and nonspecific, but sound really nice. ex: ""Eat Fresh."" ""Expect More. Pay Less.""",appeal to emotion
Either we pass this ordinance or there will be rioting in the streets.,false dilemma
"I want to sell my house for $400,000. A buyer wants it for $100,000, so I must sell it for $250,000.",fallacy of relevance
"Officer, I was only driving as fast as everyone around me. You can't give me a ticket for doing what every other driver on the road was also doing.",ad populum
The model is in close agreement with the data.,intentional
"Pol Pot, the Cambodian Maoist revolutionary, was against religion, and he was a very bad man.  Frankie is against religion; therefore, Frankie also must be a very bad man.",faulty generalization
"Brad's mother asked him why he wasn't trying out for the school play. He responded: ''Because if Tom gets the male lead, which he always does, then I'll only be in the chorus, and it's not worth being in the play if I'm only going to be in the chorus.'' This is an example of which logical fallacy?",faulty generalization
"Exercise is good. Therefore everybody should exercise.'
""'I agree,' said Polly earnestly. 'I mean exercise is wonderful. I mean it builds the body and everything.'",faulty generalization
Students only want cell phones so they can text their friends in class; it's about time students focused more on their studies and less on their social lives.,fallacy of extension
If we ban cell phones because they are bad for teenagers next the government will ban all iPods and eventually all video games as well.,faulty generalization
She should not be voted president because she's a liar and a thief.,ad hominem
This legislation is sinful because it is the wrong thing to do.,circular reasoning
"Verizon advertising the newest Samsung Galaxy phone, claiming that everyone else who has bought it loves the new product.",ad populum
"""Either you recycle or you don't care about human life.""",false dilemma
"Dan White ate a lot of Twinkies and then killed the Mayor of San Francisco. If I were a mayor, I’d ban Twinkies so no one would kill me.",false causality
"When an animal rights activist says, ""Keeping a dog as a pet is every bit as evil as human slavery. Pet owners are the KKK of the 21st century,"" they are committing what logical fallacy?",fallacy of relevance
"The museum's new gemstones and precious minerals exhibit needs more security guards. If you don't agree, then you must be planning to steal a piece of the exhibit",false dilemma
"""Every person is either my enemy or my friend. If are my enemy I should hate them. If they are my friend I should love them So I should either love them or hate them.""",false dilemma
“How can you argue your case for vegetarianism when you are enjoying your steak?”,ad hominem
"Bill: ""You know, those feminists all hate men."" Joe: ""Really?"" Bill: ""Yeah. I was in my philosophy class the other day and that Rachel chick gave a presentation."" Joe: ""Which Rachel?"" Bill: ""You know her. She's the one that runs that feminist group over at the Women's Center. She said that men are all sexist pigs. I asked her why she believed this and she said that her last few boyfriends were real sexist pigs. "" Joe: ""That doesn't sound like a good reason to believe that all of us are pigs."" Bill: ""That was what I said."" Joe: ""What did she say?"" Bill: ""She said that she had seen enough of men to know we are all pigs. She obviously hates all men."" Joe: ""So you think all feminists are like her?"" Bill: ""Sure. They all hate men.""",faulty generalization
", that makes it right/valid.",ad populum
Aren't you tired of the political divisiveness in this country? Republicans know what they are talking about when it comes to immigration. Don't you agree?,appeal to emotion
"a persuasive technique used in media messages that appeals to the ""everyone is doing it"" mentality",ad populum
"“No one has ever been able to prove definitively that extra-terrestrials exist, so they must not be real.”",intentional
Skipping looking for a second opinion or evidence and just asking one doctor is what fallacy?,fallacy of credibility
You would think that taxes should be lowered because you are a Republican [and therefore your argument about taxes should be rejected].,circular reasoning
"Ted: Biological evolution is both a theory and a fact.

Edwin: That is ridiculous!  How can you possibly be absolutely certain that we evolved from pond scum!

Ted: Actually, that is a gross misrepresentation of my assertion.  I never claimed we evolved from pond scum.  Unlike math and logic, science is based on empirical evidence and, therefore, a scientific fact is something that is confirmed to such a degree that it would be perverse to withhold provisional consent.  The empirical evidence for the fact that biological evolution does occur falls into this category.",fallacy of extension
You're with us or you're against us.,false dilemma
"I hold a doctorate in theology, have written 12 books, and personally met the Pope.  Therefore, when I say that Jesus’ favorite snack was raisins dipped in wine, you should believe me.",fallacy of credibility
Wife: “I see Mr. Smith is cooking out on his new barbecue grill.” Husband: “So his wife finally got fed up with his unfaithfulness!”,equivocation
"Major in English in college, start reading poetry, and next thing you know, you will become an unemployed pot-smoking loser.",faulty generalization
Too much candy can cause cavities. You should avoid eating any candy unless you want cavities.,false dilemma
"  Homosexuality is / ought to be morally wrong (moral property) because it is not normal (natural property).
or
Homosexuality is not normal (natural property); therefore, it is / ought to be morally wrong (moral property).",fallacy of credibility
", or a group of people think, in order to persuade one to think the same way.",ad populum
The word of Zorbo the Great is flawless and perfect. We know this because it says so in The Great and Infallible Book of Zorbo’s Best and Most Truest Things that are Definitely True and Should Not Ever Be Questioned.,circular reasoning
Did the pollution you caused increase or decrease your profits?,intentional
The newest brand jeans that everyone is wearing are called Blue Dogs. Blue Dogs are being worn by all young teens. Be sure to go out and buy your new jeans at your local mall.,ad populum
"I think scientists are wrong. There is no such thing as global warming. I just finished talking to my boss, and he thought the idea was ridiculous.",fallacy of credibility
"""My brother's girlfriend's Mother's hairdresser said that COVID numbers are going down, so I'm not going to bother with my mask"" IS an example of this fallacy.",fallacy of credibility
"""Everyone was driving over the speed limit, so I shouldn't have gotten a ticket for it!"" is an example of which logical fallacy?",ad populum
"I am athletic because I run, and I run because I'm athletic.",circular reasoning
"If it wasn't a missile, a bomb, or mechanical failure, then all that's left is a meteorite.",false dilemma
Moving the goalposts or making up exceptions when a claim is shown to be false.,intentional
Either you are with me or you are against me.,false dilemma
"McDonald's Hamburgers, over 99 billion served.",ad populum
"""Jose, join us because everybody will come to the party and only you will be left behind.""",ad populum
Pamela is the class secretary. She says that she thinks that the class should do more service projects. Mark says he can’t believe Pamela doesn’t support the annual school dance.,fallacy of extension
The reason Donald Trump got elected was because liberals took political correctness too far.,false causality
His political party wants to spend your precious tax dollars on big government. But my political party is planning strategic federal investment in critical programs.,equivocation
It is the center of the spectrum of two extremes of deficiency and excessiveness.,fallacy of relevance
This clinic sure makes a lot of money. Each of the psychologists who work there must earn a large income.,faulty generalization
"“My wife wants to talk about cleaning out the garage, so I asked her what she wants to do with our patio furniture. Now she’s shopping for new patio furniture and not asking me about the garage.”",fallacy of relevance
"Luke didn't want to eat his vegetables, but his father told him to think about the poor, starving children in a third world country who don't have anything to eat.",appeal to emotion
"All Jim Carrey movies are hilarious.
No horror movies are Jim Carrey movies.
Therefore, no horror movies are hilarious.",fallacy of logic
"Coke is not as healthy for you as Pepsi. Besides, Britney Spears drinks Pepsi, so it must be healthier than Coke.",fallacy of credibility
"If you break your diet and have one cookie tonight, you will just want to eat 10 cookies tomorrow, and before you know it, you will have gained back the 15 pounds you lost.",faulty generalization
My fridge isn't working. I should probably finish that book I've been reading.,fallacy of logic
"""We can't allow students to be paid for their grade because next thing you know they'll expect to be paid just for waking up in the morning.""",faulty generalization
"Your mom gets your phone bill, and you have gone over the limit. You begin talking to her about how hard your math class is and how well you did on a test today.",fallacy of relevance
"Doctors refer to medical books all the time when they are treating patients. In the same way, I should be allowed to use a textbook in my medical exam.",fallacy of logic
"“This is how most schools evaluate their students, so it must be effective.”",ad populum
Even though people say we are going to behave; we know they won't behave well.,faulty generalization
My teacher always brings up stuff about Women's Rights. She only cares about it because she is a woman. The stats she shows us are probably bias.,ad hominem
"You can’t prove your candidate will win, so I assume he won’t",intentional
People who eat yogurt have healthy guts. If I eat yogurt I will never get sick.,false causality
"Trump asked Clinton about her “33,000“ deleted emails, but Clinton responds by correcting him rather than addressing the deleted emails: “Not — well, we turned over 35,000, so…”",fallacy of relevance
"In the court trial deliberations, Juror Seven says, ""There are still eleven of us who think he's guilty. You're alone."" His attempt to use numbers to persuade Eight is:",ad populum
You either are for us or you are all against,false dilemma
All women are bad drivers.,faulty generalization
"My friend told me to quit singing in the car since I have a ""bad voice."" She sings in the car all of the time!",ad hominem
"In government, arguing for raising taxes - ""We need more revenue to support the programs that we have. Children are our future. Let's support children.""",fallacy of relevance
FDR was a mighty engine pulling country out of desert of Great Depression,fallacy of logic
"Person A: I think pollution from humans contributes to climate change.
Person B: So, you think humans are directly responsible for extreme weather, like hurricanes, and have caused the droughts in the southwestern U.S.?",fallacy of extension
"But professor, I got all these facts from a program I saw on TV once... I don’t remember the name of it though.",equivocation
"Issue A has been raised, and adequately answered.
Issue B is then raised, and adequately answered.
.....
Issue Z is then raised, and adequately answered.
(despite all issues adequately answered, the opponent refuses to conceded or accept the argument.",intentional
"Student: You didn't teach us this; we never learned this.

Teacher: So, what you're saying is that you just didn't study it after we went over it in class right? That you don't want to put in the work?",fallacy of extension
Look at people like Michael Vick and OJ Simpson. Professional athletes really have no sense of morality.,faulty generalization
"All ghosts are imaginary.
All unicorns are imaginary.
Therefore, all ghosts are unicorns.",fallacy of logic
"David is so wrong about Luna's work ethic. David is just an egotistical jerk with a God complex, what does he know?",ad hominem
"Every sunrise, the rooster makes a sound. So it is the rooster which makes the sun rise.",false causality
"President Obama’s decision to arm Syrian rebels, however meagerly, has all but doomed us to an Iraq-style debacle",faulty generalization
"My new sport psychology intervention works! I chose the player with the lowest batting average based on the last game from each of the teams in our amateur baseball league. Then I gave each of them my 5-minute intervention. And almost all of them improved their batting average in the next game!"" (Note: this example may also involve the statistical phenomenon of regression to the mean.",false causality
"Earthquakes are caused when the plates of the Earth's crust move. Earthquakes happen along ""fault lines"" in the earth’s crust. When the plates in the Earth suddenly shift, the Earth will begin to shift, shake or tremble.
What is the central idea?",false causality
You oversleep and then fail a test; so you assume that oversleeping causes you to fail tests,false causality
"Person 1: I think pollution from humans contributes to climate change.

Person 2: So, you think humans are directly responsible for extreme weather, like hurricanes, and have caused the droughts in the southwestern U.S.? If that’s the case, maybe we just need to go to the southwest and perform a “rain dance.”",fallacy of extension
"Marcus wants to go to a small community college close to home, but most of the kids in his class are applying to larger colleges out of state. Marcus decides that he should also apply to those colleges.",ad populum
"the phrase ""Ninety percent of all people surveyed said that McDonalds is better than Burger King so it must be true.""  represents which fallacy?",ad populum
Millions of people drink Diet Coke every year so it must be the best soft drink in the world.,ad populum
"Pointing to a fancy chart, Roger shows how temperatures have been rising over the past few centuries, whilst at the same time the numbers of pirates have been decreasing; thus pirates cool the world and global warming is a hoax.",false causality
"""Senator Jones says that we should not fund the attack submarine program. I disagree entirely. I can't understand why he wants to leave us defenseless like that.""",fallacy of extension
"This trick, which literally means ""to the guy,"" distorts a person's character subtly or blatantly, undermining their reputation regardless of how compelling their point is.",ad hominem
"Dad, either you let me go to the party or you're a bad dad.",false dilemma
"Most people believe in ghosts, so ghosts are real.",ad populum
"If you are open to it, love will find you.",equivocation
"Education is important for the future of the American people and our country.   So, you should choose to study at St. Cloud State University.",fallacy of relevance
"Wilma: You cheated on your income tax. Don't you realize that's wrong?
Walter: Hey, wait a minute. You cheated on your income tax last year. Or have you forgotten about that?",ad hominem
"When you are late getting home-past curfew-you distract your parents by talking to them about the weather-how cold it is, or how rainy it is.",fallacy of relevance
"If we control Covid-19 with measures that are too draconian, we could wind up with a government that regularly clamps down on its citizens, with bar codes on wrists and cameras in your houses that watch you all the time.",faulty generalization
You are either with God or against him.,false dilemma
Everybody does it.  You should too.,ad populum
"You call your cell phone provider to complain about how poor your cell phone battery life is after the recent software update. The representative, instead of responding to your concern, praises the provider’s new unlimited text-messaging plans that are due to be released in the next month.",fallacy of relevance
"“Yesterday, I walked under a ladder with an open umbrella indoors while spilling salt in front of a black cat. And I forgot to knock on wood with my lucky dice. That must be why I’m having such a bad day today. It’s bad luck.”",false causality
a lifelong Republican who was against Obamacare until it saved his life.,appeal to emotion
His opinions about sports mean nothing - he can barely tie his own shoes!,ad hominem
I didn’t steal your pen—I borrowed it,equivocation
"America is the best place to live, because it's better than any other country.",circular reasoning
"After years of ignoring God, people have a hard time realizing what is right and what is wrong, what is good and what is bad.",circular reasoning
What can our new math teacher know? Have you seen how fat she is?,ad hominem
A persuasive technique meant to influence a person’s emotions.,appeal to emotion
"Saying that the burden of proof lies not with the person making the claim, but with someone else to disprove.",intentional
"There is no concrete proof that Duterte himself is corrupt; therefore, he is an honest politician.",intentional
"We should offer movies on our company’s website. REPLY: No, we’ve built our company’s fortune by renting movies only through our stores.",fallacy of credibility
Why shouldn't I gossip about Laura Jane? You know she talks about us every chance she gets.,fallacy of relevance
"SuperCyberDate.con determined that Sally and Billy are a great match because they both like pizza, movies, junk food, Janet Jackson, and vote republican.",intentional
"Willard: I just realized that I will probably never go bald!
Fanny: Why is that?
Willard:  Well, if I lose just one hair, I will not be bald, correct?
Fanny: Of course.
Willard: If I lose two hairs?
Fanny: No.
Willard: Every time I lose a hair, the loss of that one hair will not make me bald; therefore, I will never go bald.
Fanny: Congratulations, you found the cure to baldness -- stupidity!
",equivocation
"peer pressure, persuasion based on the the foundation that everybody’s doing it.",ad populum
A few students are misbehaving...therefore the whole class is bad. What fallacy is this an example of?,faulty generalization
"“If we let teenagers wear whatever they want to school, they will no longer respect the rules and academic performance will decline.”",faulty generalization
"TOPIC: Should people let their cats go outside?
DEBATE: ""People should let their cats go outside. Going outside gives cats more exercise.""
""What do you know? You've never even had a pet cat before!""",ad hominem
"Which rhetorical fallacy is a broad statement about people on the basis of gender, ethnicity, race, or political, social, professional, or religious group?",faulty generalization
"The anti-terrorist laws that monitor international currency transfers, phone calls, and emails are the first step to turning our fragile democracy into a new Nazi regime.",faulty generalization
"Don't listen to her even though she's a doctor. She isn't a good person, so her opinion is invalid.",ad hominem
"Millions of people are Marxists, so Marxist economic and political theories are  correct.",ad populum
"""You haven't held a steady job since 1992. Worse than that, we couldn't find a single employer who'd provide you with a good reference.""",ad hominem
"No one has ever been able to prove that extraterrestrials do not exist, so they must be real.",intentional
Have you stopped cheating on exams?,intentional
"I'm not a doctor, but I play one on the hit series, ""Bimbos and Studmuffins in the OR."" You can take it from me that when you need a safe and effective pain killer, there is nothing better then MorphiPill 2000. That is my professional medical opinion.",fallacy of credibility
"“We should abolish the death penalty. Many respected people, such as Imran Kader, have publicly stated their opposition to it.”",fallacy of credibility
"The goal of people who ask us to wear masks to pure compliance, to practice controlling a witless population. We are not sheep!",fallacy of extension
"""Bernie Saunders wouldn't make a good president because he looks like a sad muppet.""",ad hominem
"Saying that you support a specific candidate for class president, only because he has recently been diagnosed with cancer is an example of which fallacy?",appeal to emotion
"""How could you not believe in ghosts? Roughly two billon people believe in them, so don't you think you should reconsider your opinion?""",ad populum
"Three kids in one class failed the Jane Eyre quiz, I guess,all the other classes will all fail it, too.",faulty generalization
Dr. Bloom cannot be a competent marriage counselor because he is divorced.,ad hominem
"Everyone should be patient and wait for his or her turn in line. However, I need to go to the front because I am late for an appointment.",intentional
"Argues that ""we've always done it that way."" In other words, because something worked in the past, it is the correct thing to do.",fallacy of credibility
"Mom: You used up all of the data on our phone plan this month!
Kid: I had a math test today that was really, really hard. Can you just forgive me this one time?",fallacy of relevance
"Jason and his family are heading to Utah to spend a week skiing. Looking at the weather reports, he notices that it is supposed to be warmer, making for lousy ski conditions. Angrily, he calls the Weather Channel and demands that they change their forecast so he will have better weather for the trip.",false causality
"Cellphones weren’t invented before I was born. Now, they are everywhere! Therefore, cellphones were created because I was born.",false causality
AttP 3: Shirley MacLaine selling copies to many people makes her topic of choice true.,ad populum
"The CEO of that company hates the environment, so I hate him and won’t buy their products.",ad hominem
"Boy , those sound like pretty terrible, epicly fascist (hint) robots.",fallacy of relevance
"Braden, you drive a beat-up car from the 1980s. For this reason, we can never allow you to be a lifeguard at the community pool.",ad hominem
"This tactic plays upon a viewer's lack of knowledge by forcing the idea that the situation is static. Unless the audience is well-informed and aware of this deception, they may think that they have only two choices.",false dilemma
"Yesterday you were 5 minutes late, today 10, and tomorrow you won't even show up!",faulty generalization
"“Pain-Away worked for me, so it’s sure to work for you, too.”",faulty generalization
The reason billions of children starve to death each year is because we live in a world that does not care.,circular reasoning
"""If you lie, than you will end up in jail."" Is an example of...",faulty generalization
We should pass a constitutional amendment making it illegal to burn the American flag. Anyone who thinks otherwise just hates America.,fallacy of extension
"""The Cardinals are the best football team because they're better than all the other teams.""",circular reasoning
"If you're going to add that much salt to the soup, you might as well pour the whole box in!",faulty generalization
"Senator Jones wants a strong national defense, but I will not vote for him because he moved to Canada to avoid being drafted for war when he was in college.",ad hominem
"“He’s not a great athlete; he’s a fraud, a cheat and a liar. That’s why not everybody is ‘happy for Lance.'”",ad hominem
"My philosophy professor believes in ghosts and goes to séances. She’s an intelligent, educated, person, so ghosts must be real, and spiritualism must be true.",fallacy of credibility
"Scientist: Evolution explains how animals developed, adapted and diversified over millions of years.
Opponent: If we evolved from monkeys, why are there still monkeys? And why don't we have three arms? Wouldn't that give me a competitive advantage?
What kind of a logical fallacy is this?",fallacy of extension
"Trump presents a dark image of America if Clinton is elected, with “Syrian refugees flooding in, illegal immigrants convicted of crimes staying.”",faulty generalization
"""Blondes are less intelligent than people with other hair colors.""",faulty generalization
"No one has ever been able to prove that extraterrestrials exist, so they must not be real.",intentional
The red bicycle is red.,circular reasoning
“I don’t understand why you’re saying I broke a promise. I said I’d never speak again to my ex-girlfriend. And I didn’t. I just sent her a quick text.”,equivocation
My job interview did not go well. I'll never get a job.,faulty generalization
"Why does the law state that you have to be 21 years old to drink?  Does it really make any difference if you are 20 years and 364 days old?  That is absurd.  Therefore, if a single day makes no difference, then a collection of 1095 single days won’t make any difference. Therefore, changing the drinking age to 18 will not make any difference.",equivocation
"Senator Jones supports a strong national defense. If you do vote for him, our country will be invaded, and it will start World War III.",appeal to emotion
Your either for America or against her!!!,false dilemma
"President Bennett is an effective communicator, because he has a natural talent for speaking with people.
against",circular reasoning
"I know three redheads who have terrible tempers, and since Annabel has red hair, I’ll bet she has a terrible temper too.",faulty generalization
"You said that because an authority thinks something, it must therefore be true.",fallacy of credibility
"""The building is closed. I saw 2 people standing outside the door.""What is this type of logical fallacy?",faulty generalization
"I don't think we need to talk to the people in the Justice Department about the practicality of enforcing this bill. The Justice Department is full of Democrats, and they are already biased against it.",ad hominem
"Speaker 1: Did you torture the prisoner?
Speaker 2: No, we just held him under water for a while, and then did a mock hanging.",equivocation
"If I eat this donut today, I'll probably do it again tomorrow and the next day, and then I'll never be able to eat healthy again.",faulty generalization
use of people's desire to be part of the group to convince them,ad populum
"We must have a poltergeist in the house. When the dog ran under the table, the vase just seemed to jump off the shelf all by itself.",fallacy of logic
Which case is not a False Dichotomy?,fallacy of relevance
Have you accepted the fact that most environmental studies don’t support global warming?,intentional
"""America: Love it or leave it""
This is an example of which kind of logical fallacy?",false dilemma
The accident was caused by the taxi parking in the street,false causality
"""Some tall people recently vandalized the park. Tall people are so irresponsible.""",faulty generalization
"""The mind is like a knife, cutting through difficult problems. But just as too much cutting dulls a knife, so too much education dulls the mind.""",fallacy of logic
Portraying one's opponent's position in a simplified manner so that it is easy to argue against.,fallacy of extension
Do you think that we should convict this criminal?,intentional
"In 2011, Christian broadcaster, Harold Camping, (once again) predicted the end of the world via Jesus, and managed to get many Christians to join his alarmist campaign.  During this time, and especially after the Armageddon date had passed,  many Christian groups publicly declared that Camping is not a “true Christian”.  On a personal note, I think Camping was and is as much of a Christian as any other self-proclaimed Christian and religious/political/ethical beliefs aside, I give him credit for having the cojones to make a falsifiable claim about his religious beliefs.Example #2:",intentional
"""The government should not prohibit drugs. Otherwise the government should also ban alcohol or cigarettes. And then fatty food and junk food would have to be regulated too. The next thing you know, the government would force us to brush our teeth and do exercises everyday.""",faulty generalization
"""If my years as a Marine taught me anything, it's that caution is the best policy in this sort of situation.""?",fallacy of credibility
"""Chick fil A is the greatest food chain in existence. Look at the crowds!""",ad populum
"She is a teacher in a public school, so any claims that she makes about the public school system are biased and untrue.",ad hominem
This fallacy distracts from the argument by pointing out hypocrisy in the opponent.,ad hominem
"""You didn't do your homework, did you?"" is an example of...",intentional
"""Shell was charged with misleading advertising in its Platformate advertisements. A Shell spokesman said: 'The same comment could be made about most good advertising of most products.'""",ad populum
"Professor X holds that the use of non-invasive ventilation has no place in the management of ARDS; this, therefore, is the approach we should adopt.",fallacy of credibility
Andanar is unfit for the position because he seems unqualified for it.,circular reasoning
"Mr. Equalminded's idea for implementing affirmative action in the university's admission process is complete folly. He says he wants the student body to represent diversity in the community. But that's ridiculous. I suppose this means we'll have to throw out our academic standards while were at it. After all, if we're going to let students into our prestigious institution just because of their gender of the color of their skin, then what's going to happen to our reputation?",fallacy of relevance
"Speaker 1: I think marijuana should be legalized. It would be better for the country if we didn’t have this drug war.
Speaker 2: Of course you think that. You’re a pothead.",ad hominem
Why would you trust Paris Hilton to sell health food? She drinks and parties and has multiple partners.,ad hominem
Texting has killed people’s ability to write in complete sentences with proper grammar.,false causality
Tik Tok is popular among teens because so many of them use it.,circular reasoning
"""To get better schools, we have to raise taxes. If we don't, we can't have better schools.""",false dilemma
MacDougal roots for a British football team. Clearly he's unfit to be a police chief in Ireland.,ad hominem
" Karen is a thirty-something-year-old female who drives a mini-van, lives in the suburbs, and wears mom jeans. Is Karen more likely to be a woman or a mom?",faulty generalization
"These test results are clearly wrong, and it must be either because the client was malingering or because I bungled the test administration. Taking another look at the test manual, I see now that I bungled the test administration. Therefore the client was not malingering.",false dilemma
"Not only is paying a higher income tax a patriotic duty, it is also a sacred obligation.",ad populum
The mayor argued that we need to reduce funding for the animal shelter in order to balance the budget. Don't vote for someone who doesn't think the government should care about animals.,fallacy of extension
"We live in paradise, but we don't know it.",fallacy of logic
"""I can't trust that doctor's advice on how to raise my child. He has never been a mother.""",ad hominem
All people from Pinole are liars,ad hominem
"""Either you are for us, or you're against us!""",false dilemma
Broccoli has significantly less fat than the leading candy bar!,faulty generalization
There is definitely a link between autism and the vaccines given to toddlers. I know this because a Wikipedia entry mentioned numerous studies that found this to be true.,fallacy of credibility
If I made a reference to a monk I would most likely be utilizing...,fallacy of credibility
"Why should you feel guilty for seeking your own happiness when that's what everyone else is doing, too?",ad populum
"Interviewer: ""Your resume looks impressive but I need another reference.""
Bill: ""Jill can give me a good reference.""
Interviewer: ""Good. But how do I know that Jill is trustworthy?""
Bill: ""Certainly. I can vouch for her.""",circular reasoning
"So you are saying your car is worth $20k.  I think it is worth $1, so let’s just compromise and say it is worth $10k. (Assuming the car is worth $20k)",fallacy of relevance
Cardenas roots for a British football team. Clearly he’s unfit to be a chef at the new restaurant,ad hominem
"If you do not believe in God, you will go to hell.",appeal to emotion
Albert Einstein was extremely impressed with this theory.,fallacy of credibility
"The newspaper editor homeschools his children. So, any claims he makes about the public school system are biased and untrue.",ad hominem
"The book ""Investing for Dummies"" really helped me understand my finances better. The book ""Chess for Dummies"" was written by the same author, was published by the same press, and costs about the same amount, so it would probably help me understand my finances as well.",fallacy of logic
"Person 1:
I am for raising the minimum wage in our state.
Person 2:
She is for raising the minimum wage, but she is not smart enough to even run a business.",ad hominem
"If you don't buy the black pencils, you will get made fun of. You will not be chosen for group projects.",appeal to emotion
"""Real Cubans understand presumption of guilt.""",intentional
"If you allow one student to take an online course, soon
everyone will want to, and the schools will be empty.",faulty generalization
"""Ghosts exist.... because I saw a ghost in my closet,"" is an example of what logical fallacy?",circular reasoning
"“Since event Y followed event X, event Y must have been caused by event X”. What fallacy is described in this logical form?",false causality
"“It’s wrong to tax corporations—think of all the money they give to charity, and think of the costs they already pay to run their businesses!”",appeal to emotion
This persuasive technique is used to make you feel left out if you don't join the group.,ad populum
"“Grading this exam on a curve would be the most fair thing to do. After all, classes go more smoothly when the students and the professor are getting along well.”",fallacy of relevance
"""Aliens must exist because there is no evidence that they don't exist.""",intentional
"“The best minds in physics have studied physics most of their lives, as it’s necessary to study physics extensively to become a top physicist.”",circular reasoning
You visit a new country and the first person you meet in the airport is rude. You send a message to a friend back home that everyone in this new country is rude.,faulty generalization
Politician Running for Public Office: You can all trust what I say. I have never lied in my life.,circular reasoning
"In arguing that abortion is not really a private moral matter, Fr. Frank A. Pavone, National Director Priests for Life, has written that ""Abortion is our problem, and the problem of every human being. We are one human family. Nobody can be neutral on abortion. It involves the destruction of an entire group of human beings!""",circular reasoning
"When an advertiser tries to make a connection with the audience emotionally through sappy stories, music, sad puppies, etc...",appeal to emotion
"“Are you going to do well in school, or are you going to succeed as a cadet?”",false dilemma
"You let my sister pierce her ears when she was 11, so you should let me stay up until midnight.",fallacy of logic
"I have served over 20 years in the military, and based on my professional opinion, I believe more money needs to be spent on protective armor and military vehicles.",fallacy of credibility
You use support from someone who is a trustworthy expert.,fallacy of credibility
"when evidence boils down to ""everybody's doing it, so it must be a good thing to do

""cuando la evidencia se reduce a ""todo el mundo lo está haciendo, por lo que debe ser algo bueno""",ad populum
My way of responding to difficult patients is by far the most ethical because no other way is so ethical and it is the only way that is completely ethical.,circular reasoning
"Most of my testimony about the defendant was the opposite of what I actually believe but I'll bet there's no expert witness who has always told the truth from the time they were old enough to talk, so I'm no less honest than they are.",faulty generalization
A lion is a cat and cats are good pets so a lion must be a good pet.,faulty generalization
"Thanks to her enduring popularity with employees, Sophia Lloyd is the best-liked CEO in our company's history.",circular reasoning
You can tell that guy's Mexican - he's wearing a sombrero.,faulty generalization
4 percent of Americans believe that lizard people control politics.,intentional
Children who play violent video games act more violently than those who don’t.,false causality
"""All my friends are doing a low carb diet. That must be the only way to lose weight."" Mentioned Murtaza",ad populum
"Hydrogen is not wet.  Oxygen is not wet.  Therefore, water (H2O) is not wet.Example #3:
Your brain is made of molecules.  Molecules are not the source of consciousness.  Therefore, your brain cannot be the source of consciousness.",faulty generalization
"Cathy is opposed to social media because she would rather have a face-to-face conversation. However, more and more of Cathy's friends have joined social media sites, so Cathy feels like she needs to create an account as well.",ad populum
Global warming doesn’t exist because the earth is not getting warmer,circular reasoning
"""All eighteen-year-olds have the right to vote because it's legal for them to vote.""",circular reasoning
I hated the movie because it was the worst movie I ever saw.,circular reasoning
"“I know that what I experience is real because I can see, hear, smell, touch and taste everything.”",circular reasoning
"If the argument is supposed to be about whether or not we, as the American public should wear masks, and you argue: ""Asking an infant to wear a mask is ridiculous!""",fallacy of extension
"People have believed that fish is ""brain food"" for decades, so I don't believe the  FDA when they claim that eating fish does not enhance the intellect.",fallacy of credibility
Don't buy any of the clothes made by that company. Most of them are made in China so they must be cheap.,ad hominem
"In the United States, one can vote for either Democrats or Republicans.",false dilemma
"Marriage has traditionally been between a man and a woman; therefore, gay marriage should not be allowed.",fallacy of credibility
"Employer: It says here on your resume that you are a hard worker, you pay attention to detail, and you don’t mind working long hours.
Andy: Yes sir.
Employer: I spoke to your previous employer.  He says that you constantly change things that should not be changed, you could care less about other people’s privacy, and you had the lowest score in customer relations.
Andy: Yes, that is all true, as well.
Employer: Great then.  Welcome to our social media team!
",intentional
"Shortly after MySpace became popular, U.S. soldiers found Saddam Hussein.",false causality
Either you eat this meatloaf or you eat nothing.,false dilemma
"First senator: The nation is in debt and we should not add to the defense budget.
Second senator: I cannot believe you want to leave the nation defenseless!",fallacy of extension
That restaurant is popular because everyone in town goes there.,circular reasoning
Tens of thousands of Americans have seen lights in the night sky which they could not identify. The existence of life on other planets is fast becoming certainty !,fallacy of logic
"""It is what it is!""",circular reasoning
"You didn’t even finish high school, how could you possible know about this?",ad hominem
Everyone is doing the Low-Carb Diet.,ad populum
"Person 1: “I am for raising the minimum wage in our state.” Person 2: “She is for raising the minimum wage, but she is not even smart enough to run a business.",ad hominem
"Person 1: Bicycle infrastructure should be expanded because cycling is a sustainable mode of transportation.
Person 2: We should not build bike lanes because cyclists run red lights and endanger pedestrians.",fallacy of extension
"My cat sleeps all day, so cats must be pretty lazy.",faulty generalization
Which fallacy is used to promote something based on popularity?,ad populum
When you have too little or unrepresentative data to make claim.,faulty generalization
"If you were a true Catholic, you would never eat meat on Friday even if it was the only food available.",ad populum
"""My best friend tweeted about the health benefits of pizza, and so we're going to out to eat two vegetable pizzas tonight.""",fallacy of credibility
There's no point listening to you. Everybody knows you're just a little do-gooder.,ad hominem
"I know you don't like the kitty-cat sweater that Grandma knitted for you, but she worked so hard on it and it will make her happy to see you wear it in the family holiday photo.",appeal to emotion
"Bruce is American, or he is not from New Jersey.
Bruce is not American, therefore, he is not from New Jersey.",fallacy of logic
Justin's mom gets his phone bill and he has gone over the limit. He begins talking to her about how hard his math class is and how well he did on a test today.,fallacy of relevance
"""If you do not submit your requirements today, you should drop your classes with Sir Lean.""",false dilemma
Believing that taco bell is healthy for you because everyone else does.,ad populum
"My minister says the Covid vaccine will cause genetic mutations. He has a college degree, and is a holy man, so he must be right.",fallacy of credibility
"My roommate from Maine loves lobsters, therefore all people from Maine love lobsters.",faulty generalization
We admit that the measure is popular. But we also urge you to note that there are so many bond issues on the ballot that the whole thing is getting ridiculous.,fallacy of relevance
"I know that our TV advertisements are more effective than radio. The numbers show that we hit twice the audience with TV, and our focus groups remember the TV commercial 38 percent more than the radio slot.",faulty generalization
This is an example of what logic fallacy?,appeal to emotion
"The medicine man rolled into town on his bandwagon offering various natural remedies, such as very special plain water. He said that it was only natural that people should be wary of 'artificial' medicines such as antibiotics.",fallacy of credibility
Over 99 billion people served…,ad populum
The witchcraft problem is the most urgent spiritual crisis in the world today. Why? Because witches threaten our very souls.,circular reasoning
"“If we allow gay people to get married, then the next thing you know people will be wanting to marry their pets!”",faulty generalization
"Don’t waste food, people in Marawi are suffering because of hunger.",appeal to emotion
"If it barks, it is a dog.
It doesn’t bark.
Therefore, it’s not a dog.",fallacy of logic
"I go to my front porch every morning and yell, “May no tigers enter this house!” and for 20 years, not a single tiger has entered my house. My tiger prevention strategy clearly works.",false causality
"In the 6 years that I have been practicing my new and improved brand of cognitive-humanistic-dynamic-behavioral-deconstructive-metaregressive-deontological psychotherapy (now with biofeedback!), which I developed, there has not been one published study showing that it fails to work or that it has ever harmed a patient. It is clearly one of the safest and most effective interventions ever devised.",intentional
"If you don’t say the Pledge of Allegiance, then you must be a traitor.",false dilemma
"Person 1: You’re either for the war or against the troops.

Person 2: Actually, I do not want our troops sent into a dangerous war.",false dilemma
"""Either you pass this test, or you fail it."" Laughed Sr Malak",false dilemma
"If you don't go to camp, you won't have fun this summer, and your whole summer will be ruined!",faulty generalization
Is your stupidity inborn?,intentional
"The writer, speaker, or an ad supports a claim with restatements of the same claim. (The argument goes around and around in a circle)",circular reasoning
Of course you don't like rap or hip-hop music! You wear the same clothes every day and have zero fashion sense.,ad hominem
"It is said that we have a good understanding of our universe.  Therefore, we know exactly how it began and exactly when.",equivocation
"Before he died, poet Allen Ginsberg argued in favor of legalizing pornography. But Ginsberg's arguments are nothing but trash. Ginsberg was a pot-smoking homosexual and a thoroughgoing advocate of the drug culture.",ad hominem
(Ignoring the Question): when a rebuttal doesn't address the question ,fallacy of relevance
"A: I don't want to visit McDonald's today.
B: So you're just against good food then?
The above is an example of:",fallacy of extension
"""I'd like to punch him in the face."" - Donald Trump (Feb. 2016, at a campaign rally, remarks directed at a protester who was being escorted out of the rally.)",appeal to emotion
Senator Ribbit is a liar. You shouldn't listen to him on anything.,ad hominem
There's no way you know this - you're clearly too young to understand!,ad hominem
Mrs. Sedik really knows math; she would be an excellent math instructor.,fallacy of logic
"""I asked my five closest friends and they all agree that the new Underwater Basketweaving Team Coach is a jerk, therefore I'm not trying out for the team"" IS an example of THIS fallacy.",faulty generalization
"Dr. X is an engineer, and he doesn’t believe in global warming.",fallacy of credibility
Decriminalizing marijuana turns the U.S. into a stoner nation,faulty generalization
"""When my parents talk to me about how important it is to learn a second language, I remind them they didn't learn another language.",circular reasoning
"People generally like to walk on the beach. Beaches have sand. Therefore, having sand floors in homes would be a great idea!",fallacy of logic
"Look, it doesn't matter whether or not you think America should build a wall on the border. The President thinks America should do it, so it's a good idea.",fallacy of credibility
"Speaker 1: I really think we need to do something about the rising levels of poverty and homelessness in our country.
Speaker 2: Why are you worried about poverty? Look how many children we abort every day.",fallacy of relevance
"Mother: It’s bedtime Jane Jane: Mom, how do ants feed their babies? Mother: Don’t know dear, close your eyes now. Jane: But mama, do ant babies cry when they’re hungry?",fallacy of relevance
"All Catholics are Christian.
All Christians are Jesus lovers.
Therefore, all Jesus lovers are Catholic.",fallacy of logic
"""You can't believe that theory. No one would believe that. It's too unbelievable.""",fallacy of relevance
"""The critical mission was horribly executed."" is an example of ...",appeal to emotion
"All Paul Newman movies are great.
All great movies are Oscar winners.
Therefore, all Oscar winners are Paul Newman movies.",fallacy of logic
"“The police should stop environmental demonstrators from inconveniencing the general public. We pay our taxes.”
“Surely global meltdown is infinitely worse than a little inconvenience?”",fallacy of relevance
"“President Kumail raised taxes, and then the rate of violent crime went up. Kumail is responsible for the rise in crime.”",false causality
"My friend said her Math class was hard, and the one I’m in is hard, too. All Math classes must be hard!",faulty generalization
Studies show that it takes up to seven years for the human body to digest a piece of gum.,fallacy of credibility
"Parent: I really don’t want you to smoke pot. It’s still illegal, and could get you into trouble.
Child: Didn’t you smoke pot when you were my age? You must not think it’s a big deal.",ad hominem
Two words: New Coke.,fallacy of credibility
"You must obey the law, because it's illegal to break the law.",circular reasoning
"""Four legs good, two legs bad""",ad populum
"Gus is Christian or Gus is politically liberal.
Gus is a Christian.
Therefore, Gus is not politically liberal.",fallacy of logic
If we get rid of assault weapons for citizens then we will also soon lose freedom of speech and all freedoms as other countries rush in to conquer us (if the zombies don’t exterminate us first!),faulty generalization
"Supreme Court Justice Byron White was an All-American football player while in college, so how can you say that athletes are dumb?",faulty generalization
"Jen: Don’t you realize that all this drinking you are doing is making your family miserable?
Bridget: Yes, I do.
Jen: Then what are you doing about it?
Bridget: Drinking to forget.
",false causality
Aliens must exist because most people believe in them.,ad populum
"Of course the Senator from Maine opposes a reduction in naval spending. After all, Bath Ironworks, which produces warships, is in Maine.",ad hominem
"""If you don't get an A in Mr. K's class you will fail high school, never graduate, and end up fighting people for nickels under freeway as a career""",faulty generalization
"I heard that the Catholic Church was involved in a sex scandal cover-up.  Therefore, my 102-year-old Catholic neighbor, who frequently attends Church, is guilty as well!",faulty generalization
"Mike: It is morally wrong to cheat on your spouse, why on earth would you have done that?

Ken: But what is morality exactly?

Mike: It’s a code of conduct shared by cultures.

Ken: But who creates this code?...",fallacy of relevance
"I think that we should reject what Father Jones has to say about the ethical issues of abortion because he is a Catholic priest. After all, Father Jones is required to hold such views",ad hominem
"Speaker 1: You should trust the Bible because it’s the Word of God.
Speaker 2: How do you know it’s the Word of God?
Speaker 1: Because God tells us it is.
Speaker 2: Where does God tell us this?
Speaker 1: Right here, in the Bible.",circular reasoning
If you don't say the Pledge of Allegiance you are a traitor.,false dilemma
"I have flipped heads five times in a row.  As a result, the next flip will probably be tails.",false causality
blame opponent's policy for the country's problems,false causality
"Don't be out-dated and un-fashionable! Buy the new, modern double-lined heavy duty jeans - the old ripped jeans of the past are out!",intentional
A commercial claims that a specific brand of cereal is the best way to start the day because athlete Michael Jordan says that it is what he eats every day for breakfast.,fallacy of credibility
A misrepresentation of an opponent’s position that makes it easier to argue against,fallacy of extension
We as the Board can either choose to approve this initial public offering or we can suffer slow annihilation at the hands of our competitors.,false dilemma
Plagiarism is deceitful because it is dishonest.,circular reasoning
"Bert: How do eyes project an image to your brain?
Ernie: Think of it as a little guy in your brain watching the movie projected by your eyes.
Bert: Ok, but what is happening in the little guy in your head’s brain?
Ernie: Well, think of it as a little guy in his brain watching a movie...
",circular reasoning
or group in order to discredit an idea with which the person or group is associated; distracts the reader from the real issue,ad hominem
"Allowing overnight guests in the dorm rooms will lead to nothing but trouble: promiscuity, teen pregnancy, and eventually, a bunch of unwed mothers on campus, trying to complete their degrees while raising a child.",faulty generalization
"I don’t care what scientists say, my mother always told me that the world is flat, and she would never lie to me!",fallacy of credibility
"You should eat more green leafy vegetables, because Ms. Lord says so, and she is an expert on grammar and vocabulary.",fallacy of credibility
Paranormal activity is real because I've seen a ghost.,circular reasoning
"My mother always told me that if I went outside right after bathing, during winter, I would catch pneumonia.",faulty generalization
"occurs when your opponent over-simplifies or misrepresents your argument (i.e., setting up a ""straw man"") to make it easier to attack or refute",fallacy of extension
We cannot support immigrants because we have too many homeless and poor Americans.,false dilemma
"Consider the following exchange:
Omar: I think capital punishment is a necessary component of our justice system and should remain legal.
Kayla: So you are saying that murder should be legal and it is okay for us to go around killing people just because we think they deserve it? That isn't right.
Of what fallacy is Kayla guilty?",fallacy of extension
"Sometimes flu vaccines don’t work, therefore vaccines are useless.",faulty generalization
"Timmy: Mom, what if I don’t believe in God?
Mom: Then you burn in Hell forever.  Why do you ask?
Timmy: No reason.
",appeal to emotion
"""People generally like to walk on the beach. Beaches have sand. Therefore, having sand floors in homes would be a great idea!""",fallacy of logic
"Sugar is an essential component of the body...a key material in all sorts of metabolic processes,' neglecting the fact that it is glucose (blood sugar) not ordinary table sugar (sucrose) that is the vital nourishment.",equivocation
"Angus declares that Scotsmen do not put sugar on their porridge, to which Lachlan points out that he is a Scotsman and puts sugar on his porridge. Furious, like a true Scot, Angus yells that no true Scotsman sugars his porridge.",intentional
Discoveries from Archimedes should be dismissed because he made them in a bathtub and not a proper university laboratory.,ad hominem
"""Andrea Starkk has written several books arguing that the media harms women when it comes to body image. But Starkk is an ugly, bitter person, so you shouldn't listen to her.""",ad hominem
"""A baseball pitcher bought new socks before he pitched a winning game. The new socks caused a pitcher to throw faster! He will wear the new socks for EVERY game now.""

This is an example of...",false causality
"""That politician wants you to think he loves America. His last rally had 20 American flags flying behind him"" IS an example of this fallacy.",ad populum
This fallacy is a distraction from the argument typically with some sentiment that seems to be relevant but isn’t really on-topic.,fallacy of relevance
"Power lines cause cancer. I met a little boy with cancer who lived just 20 miles from a power line who looked into my eyes and said, in his weak voice, “Please do whatever you can so that other kids won’t have to go through what I am going through.” I urge you to vote for this bill to tear down all power lines and replace them with monkeys on treadmills.",appeal to emotion
“I sneezed exactly at the same time the power went off. My sneeze must’ve done something to make the power go off. “,false causality
A commercial about abandoned animals needing shelter or a forever home. They ask for a small donation to help these struggling animals.,appeal to emotion
"Melvin: Boss, why do I have to work weekends when nobody else in the company does?
Boss: Am I sensing insubordination?  I can find another employee very quickly, thanks to Craigslist, you know.
",appeal to emotion
"Salesman: This car gets better than average gas mileage and is one of the most reliable cars according to Consumer Reports.
Will: I doubt it—you obviously just want to sell me that car.
",ad hominem
President Reagan was a great communicator because he had the knack of talking effectively to the people.,circular reasoning
"Ms. Long has suggested that our schools let students take statistics instead of algebra to graduate. Frankly, it is puzzling to me that she thinks algebra is a useless subject.",fallacy of extension
Naima is scratched by a cat while visiting her friend. Two days later she comes down with a fever. Naima concludes that the cat's scratch must be the cause of her illness.,false causality
"Speaker 1: I think it’s terrible that a game hunter killed Cecil the lion.
Speaker 2: What about all the babies that are killed every day by abortion?",fallacy of relevance
"Boris is not qualified to make suggestions about our penal system. As an ex-convict, he would always take the criminals’ side.",ad hominem
"Because you found something difficult to understand, or are unaware of how it works, you made out like it is probably not true.",intentional
"Pastor Pete: People are turning to God everywhere!  9 out of 10 people I interviewed said that they had a personal relationship with Jesus Christ.
Fred: Where did you find these people you interviewed?
Pastor Pete: In my church.",faulty generalization
"When someone says, ""Either schools need to fully open immediately and no students should wear masks or all teachers are Communists!""",false dilemma
"Farmer McDonald: Ever since they put up that new power plant across the river, we haven't had a bit of rain. I'm tellin' you, mankind has got too big for its britches when it fiddles around with nature.",false causality
"My doctor is overweight, so I don't believe anything he tells me about improving my health.",ad hominem
"Even without watching the movie, I just know that it would not be as good as the book.",faulty generalization
Bob Jones is a monster who likes to separate immigrant families in detention centers. How could you vote for someone like that??,fallacy of extension
"""People who don't support the proposed state minimum wage increase hate the poor.""",fallacy of extension
You can't believe Bob's idea. He's a socialist.,ad hominem
You are either a leader or a follower.,false dilemma
"Joseph can’t be class president, he’s poor!”",ad hominem
My opponent argues that we should abolish the soda tax. It's a shame that he wants to encourage people to eat and drink unhealthily. I say we keep it.,fallacy of extension
"""Because I forgot to leave my porch light on, someone robbed my house.""",false causality
Some people say that the coronavirus is dangerous. Others say that it is not dangerous. That must mean that some coronavirus vaccinations are fine while others are not.,fallacy of relevance
Eating five candy bars and drinking two sodas before a test helps me get better grades. I did that and got an A on my last test in history.,false causality
This happens when you assume that something is acceptable just because it is very common.,ad populum
"If I don’t take this A.P. class, then I won’t do well on the exam. If I don’t do well on the A.P. exam, then I can’t get into a good college. If I can’t get into a good college, then I’ll never get a good job. If I can’t get a good job, then I’m going to have to live in my parents’ basement forever. Guess I’ll sign up for the A.P. class.",faulty generalization
"You got a cold two nights ago but last night you stayed up really late and now you are no longer sick, so it must be because you stayed up really late last night. What fallacy is being committed?",false causality
"That type of car is poorly made; a friend of mine has one, and it continually gives him trouble.",faulty generalization
"Autumn is trying to raise money for her university's library. In her address to the board of trustees, she says, ""We must raise tuition to cover the cost of new books. Otherwise the library will be forced to close.""

Of what fallacy is this an example?",false dilemma
"If we don’t bail out the big automakers, the US economy will collapse.  Therefore, we need to bail out the automakers.",appeal to emotion
Verizon advertising the newest Samsung Galaxy phone that they claim everyone else who has bought it loves the new product.,ad populum
I think that businesses should not have to limit the amount of pollutants they  release into the atmosphere because Rush Limbaugh says that there is no real  evidence for industrial pollutants causing the Greenhouse Effect.,fallacy of credibility
I don’t see what’s wrong with engaging the services of a professional escort.,appeal to emotion
"""Dra. Vicky Belo said that all kind of cars need fuel to start.""

What fallacy is being committed in the sentence above?",fallacy of credibility
We surveyed all the customers in the store and they all agreed that staying open 24 hours would be a great idea. We need to put together a 24-hour schedule as soon as possible.,ad populum
John agrees with me that drinking energy drinks are bad for you. ,fallacy of credibility
"I know you don’t like the kitty-cat sweater that Grandma knitted for you, but she worked so hard on it and it will make her happy to see you wear it in the family holiday photo.",appeal to emotion
"Dicky: So how do you think life began?
Ralphie: Simple.  Aliens from another planet seeded this planet with life billions of years ago.
Dicky: OK, but how did that alien life form begin?
Ralphie: Simple.  Aliens from another planet seeded that planet with life.
",circular reasoning
"Thanks to her enduring popularity with employees, Annie Smith is the best-liked CEO in our company's history.",ad hominem
"Justin Beiber wears Ray Bans, so you should buy a pair to wear in the sun.",ad populum
God exists because the Bible says so. The Bible is a reliable source because it is the  word of God.,circular reasoning
"Ralph Nader and Pat Buchanan are banging at the doors, and the political establishment, consisting of both politicians and the media, seems determined not to let them in on the grounds that they have no public support.",circular reasoning
marijuana shouldn’t be legalized because it wasn’t socially acceptable.,circular reasoning
the following is an example of...,faulty generalization
"While I think most people shouldn't be allowed to falsely claim they need a support animal on airplanes, I really do need my dog to calm me down. It's not my fault my doctor won't give me authorization.",intentional
"""Everyone uses Social Media to fundraise, therefore there's no problem with asking for money on social media sites as long as it's going to charity"" SHOWS evidence of what fallacy?",ad populum
Cell phones stop students from concentrating in class because they are distracting.,circular reasoning
"Person #1: We need to start high school later in the morning.
Person #2: Oh, so you think we should all just sleep in until noon and have school until it gets dark?",fallacy of extension
"""You asked me why the unemployment rate has increased once more, but I'm going to tell you what has an even worse effect on morale in this country.""",fallacy of relevance
People who read are smart.,faulty generalization
"He was born to Catholic parents and raised as a Catholic until his confirmation in 8th grade.  Therefore, he is bound to want to defend some Catholic traditions and, therefore, cannot be taken seriously.",ad hominem
"Pvt. Joe Bowers: What are these electrolytes? Do you even know?
Secretary of State: They're... what they use to make Brawndo!
Pvt. Joe Bowers: But why do they use them to make Brawndo?
Secretary of Defense: [raises hand after a pause] Because Brawndo's got electrolytes.",circular reasoning
"All Greek food causes illness;  when I traveled through Greece, I got food  poisoning.",faulty generalization
"“I really deserve an “A” on this paper, professor. Not only did I study during my grandmother’s funeral, but I also passed up the heart transplant surgery, even though that was the first matching donor in 3 years.”",appeal to emotion
"If everyone lived his or her life exactly like Jesus lived his life, the world would be a beautiful place!",appeal to emotion
I called my friend and he didn't answer. He wasn't home or he was dead.,false dilemma
"Senator A: ""We should spend less on our military budget and spend more on health and education.""
Senator B: ""So you want to leave the country defenseless?""",fallacy of extension
My Aunt was in the hospital for 6 weeks because she didn't wear a seatbelt.,faulty generalization
"""Trump won't release his tax returns and prove he's clean, therefore he must have something to hide.""",intentional
"Jack: You should stop smoking - it's bad for you.
Jill: Look who's talking! You smoke three packs a day!",ad hominem
"I. The Ganges river is flooded due to large sheets of ice coming down from the Himalayas.
II. Many people in the Himalayan ranges lost their houses under huge sheets of ice.",false causality
If you don't have a recycling bin you hate the earth and don't care about pollution.,fallacy of extension
"During the first week of July ice cream sales climbed, and during the second week murder rates climbed. Therefore, ice cream inspires murder.",false causality
All engineers are introverts who would rather relate to computers than people. ,faulty generalization
Christine has a terrible experience with a boyfriend. She decides that all boys are mean. This is an example of which logical fallacy?,faulty generalization
"“If you really loved me, you would buy me everything I ever wanted!”",false dilemma
"My professor, who has a Ph.D. in Astronomy, once told me that ghosts are real. Therefore, ghosts are real.",fallacy of credibility
"""That's what abortion is - killing innocent humans for money. Abortionists are government licensed hit men.""",ad hominem
"It is ridiculous to have spent thousands of dollars to rescue those two whales trapped in the Arctic ice. Why, look at all the people trapped in jobs they don’t like.",fallacy of logic
"Audrey: I am a human being. I am not a cyborg from the future here to destroy humanity.

Fred: Prove that you are human! Cyborgs don't pass out when they lose a lot of blood. Here's a knife.

Audrey: Get to bed, Freddie. And no more SYFY channel before bed!",intentional
Beyond Meat burgers are healthy for us because they do not have any meat in them.,fallacy of credibility
We should give the other applicant the job because he has a poor family and he needs to provide for them. It looks like he suffers a lot!,appeal to emotion
"According to my brain, my brain is reliable.",circular reasoning
"""Coronavirus originated in China, therefore all Chinese people are sick.""",fallacy of extension
"Whilst rallying support for his plan to fundamentally undermine citizens' rights, the Supreme Leader told the people they were either on his side, or they were on the side of the enemy.",false dilemma
"You should never gamble! Once you start gambling you find it hard to stop. Soon you will spend all your money on gambling, and eventually you will turn to crime just to support your gambling addiction.
¡Nunca debes apostar! Una vez que empiece a jugar, le resultará difícil dejar de jugar. Pronto gastará todo su dinero en juegos de azar y, finalmente, recurrirá a la delincuencia solo para apoyar su adicción al juego.",faulty generalization
"""I should receive an 'A' in this class. I had a tough week!"" Hadi begged",appeal to emotion
"I know you don't like the kitty-cat  sweater that Grandma knitted for you, but she worked so hard on it and it will make her happy to see you wear it in the family holiday photo.",appeal to emotion
"We're going to celebrate New Year's Eve this way because that's how we've always done it.
This is an example of ...",fallacy of credibility
"A local politician plans to expand the municipality's cycle network and to add several new speed cameras in densely populated areas. Their opponent says, ""They want us all to give up driving forever. They're punishing the honest car owners and commuters that help pay these politicians' salaries.""",fallacy of extension
"All judges are fair-minded individuals;  therefore, Judge Ito is fair in his decisions.",fallacy of logic
This is why a woman shouldn’t do a man's job,ad hominem
"If we allow Susan to leave early, soon we'll be giving everyone Friday afternoon off.",faulty generalization
"""I want my daughter to go to a state university so she can avoid too much debt.""
""Why do you think state schools are better than private schools? Harvard and Princeton are private."" What is this?",fallacy of extension
"Almost all of the students I talked to said that they don't like the senator. I'm sure he'll lose the election on Tuesday.
Which logical fallacy is represented here?",faulty generalization
Children should not listen to rap music. Everyone knows that.,ad populum
"If you vote for her, the government as we know it will fall apart.",faulty generalization
Arguing based on whether something is popular,ad populum
"only man is rational
no women is man
Therefore, no women is rational",equivocation
"I had a real bad headache, then saw my doctor.  Just by talking with him, my headache started to subside, and I was all better the next day.  It was well worth the $200 visit fee.",false causality
"What type of propaganda uses negative words or feelings against an idea, product or person?",ad hominem
"Board Member: “If this company is going to maximize its profits in the coming year, we need to fully exploit all of our available resources.”
Human Resources Director: “Not so fast. Our employees are one of our most valued resources, and we have a strict policy against exploiting our workers.”",equivocation
"Our colleague, Doctor Χ, is too young and inexperienced; we could do without his advice.",ad hominem
I guess I should buy my 12-year-old daughter an iPhone.  Everyone at her new school has one and I want her to fit in with the other kids.,ad populum
Our soccer team was losing until I bought new shoes. We have not lost a game since I got my lucky shoes!,false causality
People like to walk on the beach. Beaches have sand. We should put sand on the floor in our living room.,fallacy of logic
"You can't give me a C! I'm an A student, a C is just wrong!",circular reasoning
Marie notices that many of her friends have started eating a low-carb diet and drinking protein shakes. Marie decides that if this many friends are eating this way that this must be the healthy way to eat so she joins them. This is an example of which logical fallacy?,ad populum
"Congressman Darell Issa calls White House Spokesperson Jay Carney a ""paid liar.""",ad hominem
"If I have cable, then I have seen a naked lady.
I don’t have cable.
Therefore, I have never seen a naked lady.",fallacy of logic
If the country is ever going to be safe from terrorists we have to close the borders.,false causality
"In the debate at Harvard, one of the Harvard team’s debaters rebutted Samantha Booke’s argument that Henry David Thoreau, a Harvard graduate, proposed civil disobedience as a means to protest unjust laws. The Harvard debater rebutted her by saying, “Thoreau could never know that Adolph Hitler would agree with him.” A BETTER rebuttal would have been to…",fallacy of credibility
"Believing that ""runs"" occur to statistically independent phenomena such as routine wheel spirits.",ad populum
"If you write to Mrs. Roth and tell her: ""Mrs Roth, I know I haven't done any of the assignments, but I need a C anyway because I'm asking nicely and I'm good person, and I'm going to get in trouble if you don't.""",appeal to emotion
"Charlie: Illegal posting and sharing of songs online is crippling the music industry.
Bob: You couldn't be more wrong; the music industry is doing just fine.  I can't believe you think the government should be allowed to regulate what I share with my ""friends.""  No one wants a world where I can't loan a book to my girlfriend, let my roommate borrow my iPod, or share a funny meme with my blog followers.",fallacy of extension
People either like coffee or hate it.,false dilemma
“The economy has improved greatly because of the new president.”,false causality
"Michael is part of the Jackson Five.  Without Tito and company, he will never make it.",faulty generalization
"Sarah wakes up one morning to find that she has just slept through her anatomy test. She emails her teacher and asks if she can make up the test. Sarah states that she deserves to take it over because she didn't sleep well because her boyfriend just broke up with her, her dog is sick and she stained her favorite dress. What fallacy is this?",appeal to emotion
"""The research I found on cell phone use in the classroom suggests that students can be distracted when they have access to texting. This leads me to believe that all high school students should not be allowed to have their phones on them at school anytime.",fallacy of logic
"Dave: For five generations, the men in our family went to Stanford and became doctors, while the women got married and raised children.  Therefore, it is my duty to become a doctor.
Kaitlin: Do you want to become a doctor?
Dave: It doesn’t matter -- it is our family tradition.  Who am I to break it?
",fallacy of credibility
"Mom: Watching TV that close will make you go blind, so move back!
Jonny: That is B.S., Mom. Sorry, I am not moving.
",false causality
A driver with a New York license plate cuts you off in traffic. You decide that all New York drivers are terrible drivers.,faulty generalization
"The rooster crows always before the sun rises, therefore the crowing rooster causes the sun to rise.",false causality
"If someone told you, ""Why should we be worrying about how the government treats Native people, when people in our city can't get a job?"" what logical fallacy are they using?",fallacy of relevance
"""Of course I can read Spanish! Look, I just finished this book by Jorge Luis Borges!""
""You lie! Borges isn't Spanish. He's from Argentina.""",equivocation
"The new vice president has never gone to public school, so he can never connect to the middle and lower class.",ad hominem
Distracting and dangerous mobile devices should be banned from use in vehicles.,circular reasoning
"This technique uses the logic: Everyone else is doing it, you should too!",ad populum
"David: We have way too much police presence in this city.
Pete: What are you going to do about it?
David: Vandalize, loot, and perhaps a little arson.
",false causality
That song is stupid because I don't know that musician.,fallacy of relevance
"""You'll make the right decision because you have something that not many people do: you have heart.""?",appeal to emotion
"Student: Hey, Professor Moore, we shouldn't have to read this book by Freud. Everyone knows he used cocaine.",ad hominem
Give me liberty or give me death,fallacy of credibility
"""A dog would be a great addition to our family. Think about how wonderful it would be to come home to a happy, excited, loving dog?"" This is an example of which persuasive technique?",appeal to emotion
Only fools are out in public right now. Careful people are staying home.,ad hominem
"Since Dwayne Johnson (aka The Rock) endorsed this protein powder, it must work wonders.",fallacy of credibility
"Since Lucy Sutton became vice president of the parent-teacher association, student performance has declined and teacher morale is down. We on the school board believe that Sutton bears sole responsibility for the downtrend.",false causality
"Salesguy: You should definitely buy this car.  You look so good in it -- you look at least ten years younger behind that wheel.
Tamera: I’ll take it!
",appeal to emotion
"""Schools should provide nutritious lunches to students.""
""So schools should take money away from technology and necessary supplies in the classroom?""",fallacy of extension
"President Jones raised taxes, and then the rate of violent crime went up. Jones is responsible for the rise in crime.",false causality
"If you don't drive a car, you hate the Earth.",fallacy of extension
"Michael Jackson, Kurt Cobain, and Jimi Hendrix were rock stars who died young. Therefore, if you become a rock star, don’t expect to live a long life.",false causality
" 
The presence of police at protests cause an escalation of violence. It was the case that at the protest last night attended by uniformed police, there was an escalation of violence. Therefore, police should not be at protests.",false causality
"“Either you love me, or you hate me.”",false dilemma
I have several female friends and every one of them loves country music. All females love country music.,faulty generalization
People who learn from their mistakes don't repeat them.,faulty generalization
"Mother: It’s bedtime Jane

Jane: Mom, how do ants feed their babies?

Mother: Don’t know dear, close your eyes now.

Jane: But mama, do ant babies cry when they’re hungry?",fallacy of relevance
"ghosts must exist, because nobody has been able to prove that they don't is an example of",intentional
"We've got to stop them from banning pornography. Once they start banning one form of literature, they will never stop. Next thing you know, they will be burning all the books!",faulty generalization
America: Love it or leave it,false dilemma
"Ms. Drayer, the smartest person in the universe, says the debate is the best class, therefore it is.",fallacy of credibility
War on drugs instills fear to criminals so it can stop the crimes in the Philippines.,faulty generalization
"Fewer tourists were recorded to have entered the country. This datum was gathered after Karapatan exposed the human rights violations happening here; therefore, Karapatan's expose was the reason for the low tourist turn out.",false causality
"""I started exercising twice a week, and I just got a babysitting job. Exercising leads to new jobs!""",false causality
"Bats are mammals. Bats can fly. Pigs are also mammals, therefore pigs can fly.",fallacy of logic
"Animal experimentation reduces our respect for life. If we don't respect life, we are likely to be more and more tolerant of violent acts like war and murder. Soon our society will become a battlefield in which everyone constantly fears for their lives. It will be the end of civilization.",faulty generalization
Confession is good for the soul.,faulty generalization
"Although we have proven that the moon is not made of spare ribs, we have not proven that its core cannot be filled with them; therefore, the moon’s core is filled with spare ribs.",intentional
", when in fact more possibilities exist.",false dilemma
We can’t freeze the academic year because then students won’t graduate on time. Next thing you know most people will be unemployed and will resort to crime. The crime rate will skyrocket and society will collapse.,faulty generalization
"My opponent says I am weak on crime, but I have been one of the most reliable participants in city council meetings.",fallacy of relevance
"Every time I wash my car, it rains",false causality
Marty said that his Xbox One X had better resolution than Phil’s PS4 during their gaming console debate. Phil suddenly brought up how powerful his PC was when Marty started talking about the specs of the two gaming consoles.,fallacy of relevance
"Lisa was brainwashed as a child into thinking that people are generally good.  Therefore, people are not generally good.",ad hominem
"""Annie must like Starbucks because all girls like Starbucks.""",faulty generalization
"Global chocolate consumption is highest in Switzerland, yet people there are among the trimmest in the industrialized world. Therefore, it’s reasonable to conclude that chocolate helps keep your weight down.",false causality
"""All sports car drivers are too aggressive!"" is an example of:",faulty generalization
"Joey's refrigerator broke after Rachel moved in; therefore, Rachel caused Joey's refrigerator to break.",false causality
"Mom: ""Did you finish your homework?"" Son: ""Hey, did I tell you that I got an A on my physics test today!""",fallacy of relevance
Snarl Words are an example of...,appeal to emotion
"Everybody else is doing it, why don't you?",ad populum
I guess that I should by my 12 year old an iPhone since everyone else has one.,ad populum
"Wife: I'd rather have a dog than a cat
Husband: Why do you hate cats?",fallacy of extension
"Mom: Remember, dear. Nobody's going to buy the cow if they get the milk for free.
Daughter: You are only saying that because you are my mother.
Daughter: Wait... did you just call me a cow?
",ad hominem
"Speaker 1: Dr. Singh says meat eating is bad for the environment.
Speaker 2: He’s a Sikh. They don’t eat meat. Of course he would say that. He can’t be telling the truth.",ad hominem
"Vietnam War—America, love it or leave it",ad populum
The Geo Metro is a superior car because it averages 43 miles per gallon.,intentional
"A is true because B is true, and B is true because A is true.",circular reasoning
He’s just a psychology teacher at a community college,ad hominem
Everyone is against child pornography. I asked Mrs. Smith and Mr. Jones at the PTA meeting and they are definitely against it.,faulty generalization
"Charlie: I think we should put more money into schools. Quality public education is so important.
Bob: So you’re saying we should cut military spending and spend it instead on more spiral notebooks and crayons? I guess you want our country to be a weak, defenseless target for terrorists.
Charlie: Creo que deberíamos invertir más dinero en las escuelas. La educación pública de calidad es muy importante.

Bob: ¿Entonces estás diciendo que deberíamos recortar el gasto militar y gastarlo en más cuadernos de espiral y crayones? Supongo que quiere que nuestro país sea un objetivo débil e indefenso para los terroristas.",fallacy of extension
"Grace and Helen were both romantically interested in Brad. One day, with Brad sitting within earshot, Grace asked in an inquisitive tone whether Helen was still having problems with her drug habit.",intentional
Be happy with the 1972 Chevy Nova you drive.  There are many people in this country who don’t even have a car.,fallacy of relevance
Sleeping until noon is the worst thing to do because it is bad to sleep late.,circular reasoning
Why did you steal my keys?,intentional
"If voluntary euthanasia were to be legalized it would prove impossible to avoid the legislation, or, at least, toleration, of non-voluntary euthanasia. Even if the former can be justified, the latter clearly cannot. Hence, it is better that the first step (legalizing voluntary euthanasia) not be taken so as to prevent a slide into non-volunteer euthanasia.",faulty generalization
"If we let the government ban SUVs, then they're going to want to ban trucks! Then they'll want to ban sports cars! Then they'll want to ban all cars!",faulty generalization
"I. Many seats in the private medical colleges in the state have remained vacant this year.
II. The government medical colleges in the state could accommodate all the students who sought admission this year.",false causality
"Steve: I think it is fantastic that you and Sylvia are getting married!
Chuck: I cannot believe you think my getting married only exists in my imagination!  That is what fantastic means, after all.
",equivocation
"A is true because B is true, and B is true because C is true, and C is true because A is true.",circular reasoning
“I didn’t see you at the charity fundraiser today. I guess you are not a good person after all.”,false dilemma
"Callie: Did you know that Jake Tooten was a racist?
Chris: I know Jake well. Why do you say he’s a racist?
Callie: He was on a podcast the other day...
Chris: Did he say something racist?
Callie: No, but the podcast host did an interview two years ago with a woman who said she supported an organization that had a history of racism back in the 1960s. Jake clearly supports racism!",faulty generalization
"Believing that ""runs"" occur to statistically independent phenomena such as roulette wheel spins.",ad populum
"If there is no objective morality, then all the bad people will not be punished for their bad behavior after death.  I don’t like that; therefore, morality must be objective.",appeal to emotion
"Which logical reason supports the opposition to the motion ""Cell phones give off an unsafe radiation and should not be used.""",false causality
“Honesty is defined as always being honest.”,circular reasoning
"""My three decades of experience in public service, my tireless commitment to the people of this community, and my willingness to reach across the aisle and cooperate with the opposition, make me the ideal candidate for your mayor.""  Which appeal is the primary appeal used in this quote?",fallacy of credibility
"If we let the government implant tracking devices in criminals, it's not going to stop there! They're going to want to track school children and eventually everyone!",faulty generalization
"“Birds can fly; therefore, penguins can fly.”",faulty generalization
"""Yesterday, you were late for ten minutes. Today you were late for an hour. You know someday, you will simply cease to show up.""

What logical fallacy is used in the statement above?",faulty generalization
We have no evidence that the Illuminati ever existed. They must have been so clever they destroyed all the evidence,intentional
"""Tyler's friends are all obnoxious, he's a bad kid,"" Which Fallacy does this statement use?",faulty generalization
"While debating with a friend on which movie would be better to see, you use the argument that your opinion on movies is better because your friend picks their nose, so we shouldn’t trust them because that’s gross. What fallacy have you committed?",ad hominem
There aren't enough parking spaces on campus because there are too many cars.,circular reasoning
"“Because young male drivers are twice as likely to get into a car accident, they should pay more for car insurance.”",faulty generalization
Explaining that trusting the other politician will cause everyone to lose their homes and jobs,appeal to emotion
"Every time I was my car, it rains. Me washing my car has a definite effect on the weather.",false causality
"You should marry me. I know we’re not compatible, but I only have a year to live, and you’re my last chance.",appeal to emotion
"Says Robot 2, attacking Robot 1 instead of his arguments.",ad hominem
"Matt is running for class president. In his campaign speech he says, ""My opponent does not deserve to win. She is a smoker and she cheated on her boyfriend last year.""
What fallacy has Matt committed?",ad hominem
"Speaker 1: Jesus was not really crucified.
Speaker 2: How do I know that’s true?
Speaker 1: Because the Quran says so.
Speaker 2: How do I know the Quran is correct?
Speaker 1: Because the Quran is the Word of God, and everything it says is true.
Speaker 2: How do I know that’s true?
Speaker 1: Because God tells us so, here in the Koran.",circular reasoning
"You should choose to work more overtime at the same rate of pay. After all, you wouldn’t want to lose your job, would you?",appeal to emotion
"Nobody in their right mind would trust that guy. I mean, look at him!",ad hominem
The Democrats support more aggressive gun control laws. Can you believe they want to deny repeat offenders and those on the terrorist watch list their rights?,ad hominem
Have you stopped beating your wife?,intentional
Nike's are great because they're awesome.,circular reasoning
"Zebedee: What is your view on the Christian God?

Mike: I don’t believe in any gods, including the Christian one.

Zebedee: So you think that we are here by accident, and all this design in nature is pure chance, and the universe just created itself?

Mike: You got all that from me stating that I just don’t believe in any gods?",fallacy of extension
Jimmy isn't at school today. He must be on a family trip.,false causality
"Two of my best friends are really introverted, shy people, and they both have cats. That leads to me believe that most cat lovers are really shy.",faulty generalization
"My opponent in this debate wants all of you to increase taxes for a recycling program, but his own company has been fined over a dozen times for pollution and environmental damage.",ad hominem
Are you one of those stupid religious people that reject science?,intentional
You moved the goalposts or made up an exception when your claim was shown to be false.,intentional
Of course Marx' theories about the ideal society are bunk. The guy spent all his time in the library.,ad hominem
"(1) William Dembski argues that modern biology supports the idea that there is an intelligent designer who created life.
(2) Dembski would say that because he’s religious.
Therefore:
(3) Modern biology doesn’t support intelligent design",ad hominem
"“Every society is, of course, repressive to some extent – as Sigmund Freud pointed out, repression is the price we pay for civilization.”
",equivocation
"Louise is running for class president. In her campaign speech she says, ""My opponent does not deserve to win. She is a smoker and she cheated on her boyfriend last year."" What fallacy has Louise committed?",ad hominem
"P or Q.
P.
Therefore, not Q.
P or Q.",fallacy of logic
The Volkswagen Beetle is an evil car because it was originally designed by Hitler's army.,ad hominem
"Sandy: ""You shouldn’t have that second piece of cake. It’s so fattening.""
Ralph: ""Didn’t you eat an entire tub of ice cream yesterday?""",ad hominem
I've never been hit by lightening when standing under a tree so we'll be perfectly safe to shelter by this oak now.,intentional
"President Clinton is an advocate of socialized medicine, which is a form of communism.",ad populum
My grandmother ate 10 cloves of raw garlic every day. Not surprisingly she lived to be 102.,false causality
politicians coin names to cast blame,ad hominem
"No one has proven God exists, so He doesn’t.",intentional
"I saw John texting yesterday, and then he got in his car and drove away; he must have crashed because he was texting. Therefore, cell phones should be banned.",false causality
"""My mom said that Colgate is the best toothpaste because almost 90% of dentists approve of this.""

What fallacy is being committed in the sentence above?",ad populum
"Feminism is part of “a socialist, anti-family political movement that encourages women to leave their husbands, kill their children, practice witchcraft, destroy capitalism and become lesbians.” (Statement from Pat Robertson)",fallacy of extension
"Person A: I think pollution from humans contributes to climate change.
Person B: So, you think humans are directly responsible for extreme weather, like hurricanes, typhoons and droughts.",fallacy of extension
"""Russia has a terrible human rights record."" ""Well, the United States has done plenty of bad things."" -the President when confronted about Russia's human rights abuses.",fallacy of relevance
"We need to stop allowing colleges to increase tuition every year. The next thing we know, it's going to cost more to attend college for one semester than it is to buy a new home!",faulty generalization
"If we ban Hummers because they are bad for the environment eventually the government will ban all cars, so we should not ban Hummers.",faulty generalization
Someone really should move this ‘deer crossing’ sign. This is a dangerous stretch of highway and the deer really should be crossing somewhere else.,false causality
Most Arabs are Muslims and all the 9/11 hijackers were also Muslims. Therefore most Arabs are hijackers.,fallacy of logic
“People nowadays only vote with their emotions instead of their brains.”,faulty generalization
"If we are too scared to open the economy completely, then we'll have to keep it closed forever.",false dilemma
I'm hardly prepared to listen to the arguments of an ignorant moron like you.,ad hominem
"Speaker 1: We are using thousands of people, who are going door to door to help us spread the word about social injustice and the need for change.
Speaker: Well then, I can’t be a part of this because I was always been taught that it’s wrong to use people.",equivocation
They are dangerous militants out to destroy our peaceful way of life.,appeal to emotion
"""The Senator must be wrong on the issue of taxes because he's such a jerk to the people who work for him.""",ad hominem
"Everyone knows that Japanese DVD players are the best. After all, the outsell American players two-to-one.",ad populum
Taco is the best because it tastes better.,circular reasoning
"Whatever is less dense than water will float, because such objects won't sink in water.",circular reasoning
"I wore my lucky red shirt when I took the test, so that is probably why I did so well on the test.",false causality
"If you miss practice, it means you were probably goofing off. People who goof off drop out of school and end up penniless.",faulty generalization
"There you are cheating on your husband, how could you ever tell us anything meaningful about ethics?",ad hominem
Appeals to an authority that has little to nothing to do with the argument,fallacy of credibility
My teacher told us she learned the hard way that procrastination is a bad habit!,faulty generalization
"I broke my mirror this morning, AND I failed my Civics test. I must've failed because the mirror gave me bad luck.",false causality
You know Jane Fonda's exercise videos must be worth the money. Look at the great shape she's in.,false causality
"My first time meeting Mr. Casal went poorly, so his class will not be a good one this year.",faulty generalization
"Bill claims that tax breaks for corporations increases development. Of course, Bill is the CEO of a corporation.",ad hominem
"Being mean to others is wrong.
Therefore, it cannot possibly be part of our nature.",fallacy of relevance
"If one is 16 years old or older, one can drive an automobile in Wisconsin.  I saw  your niece driving through Wausau yesterday.  She must be at least 16.",fallacy of logic
The milk was left out all night and was spoiled. It should have been put in the refrigerator,false causality
"I was assigned a personal trainer at the Rec, and he gave me a new workout program. But I don't have any confidence in his expertise, since he has obvious trouble controlling his own appetite.",ad hominem
"To this very day (at the time of this writing), science has been unable to create life from non-life; therefore, life must be a result of divine intervention.",intentional
"Edward Johns claimed to be psychic, but when his 'abilities' were tested under proper scientific conditions, they magically disappeared. Edward explained this saying that one had to have faith in his abilities for them to work.",intentional
"I must be telling the truth, since I’m not lying.",circular reasoning
"Speaker 1: I think we should have an expanded social safety net for the poor in our country.
Speaker 2: So, you think we should just throw money at lazy people who don’t want to work and think they are entitled to be kept up by other people, right?",fallacy of extension
"The Bible is the Word of God because God tells us it is... in the Bible.

X is true because of Y.
Y is true because of X.",circular reasoning
"""He just says that because he's a Republican.""",ad hominem
"We haven’t found King David’s tomb, so King David didn’t really exist.",intentional
"Today late for ten minutes, tomorrow late for an hour, and then someday you will simply cease to show up.",faulty generalization
We cannot approve of this recycling idea. It was thought of by a bunch of hippie communist weirdos.,ad hominem
"There are so many experiences in the human realm that are wonderful. Sexual intimacy between two willing adults who love each other is wonderful. A therapist helping a client is wonderful. When the relationship between a therapist and client is so deep that it could be characterized as love, it's wonderful. When all these acts become part of one process between two people, it must be exceptionally wonderful. How could anyone condemn such a wonderfully human process as unethical?",faulty generalization
"That candidate wants to raise the minimum wage, but they aren't even smart enough to run a business.",ad hominem
My uncle is a mechanic and he says you shouldn't spank children. He says it's ineffective.,fallacy of credibility
"If I say that a surgeon should be allowed to use a guidebook to carry out surgery like a student can use open notes on a test, I have made a",fallacy of logic
"""Don't listen to Mr. Fingers when he says walk in the hallways. How can you trust someone who wears bow ties?""",ad hominem
", if everyone else is doing something, it must be right/good.",ad populum
"There must be objective rights and wrongs in the universe. If not, how can you possibly say that torturing babies for fun could ever be right?",appeal to emotion
In many cases you can't really tell whether patients are improving because of what the therapist is doing or because of the placebo effect—there's a fuzzy line separating the two--so we must conclude that they are actually the same mechanism of improvement.,equivocation
"This fast food chain claims that they've served five billion people, so they must have the best hamburger in town. Five billion people can't be wrong!",ad populum
"""You cannot detain me. I am still grieving my cat's death.""",appeal to emotion
I'm moving to Connecticut because it is the richest state in the nation and I'm tired of being poor.,false causality
"Wilma: You cheated on your income tax. Don't you realize that's wrong
Walter: Hey, wait a minute. You cheated on your income tax last year. Or have you forgotten about that?",ad hominem
"Dave wants you to break into the spooky cabin with him. “Everyone does it,” he claims. What fallacy has he committed?",ad populum
Old Major's speech claiming that ALL the animals will unite and revolt against the humans,ad populum
Words with strong feelings that bring about feelings in the reader. Strong words (+ or -) specifically used to sway the reader,appeal to emotion
"Trisha: In an interview, your candidate admitted that he was a thief!
Derek: He actually said that when he was three years old, he stole a lollipop from a store, and felt so guilty, that he never stole anything again.
",intentional
Tommy went to go swimming for the afternoon and later bought a lottery ticket. He won the lottery which must mean that swimming makes you win the lottery.,false causality
Some teenagers in our community recently vandalized the park downtown. Teenagers are so irresponsible and destructive.,faulty generalization
What persuasive technique is being used in this photo?,ad populum
"There are no good restaurants in New York; I tried two in Times Square, and they were awful.",faulty generalization
You know Jane Fonda’s exercise videos must be worth the money. Look at the great shape she’s in.,false causality
We can either stop using cars or destroy the earth.,false dilemma
"Radio talk show host, on learning that an association of critical thinking professors had suggested his show as a source of fallacious reasoning: “Who are these people? They talk to maybe 30 people at a time. I talk to 5 million people every day. They could not begin to do what I do. They are just gnats flying around getting in the way.”",fallacy of relevance
"Oh, please. What would you know about labor laws? You don’t even have a job.",ad hominem
"""University of Virginia professor [Charlotte] Patterson, considered a leading researcher in the field, says she has reviewed 22 studies involving offspring of gays ranging from toddlers to adults. She found none convincing [sic] that the children had suffered or were more than normally inclined to be gay. [...] Conservatives discredit Patterson by pointing out that she is an acknowledged lesbian, with a presumed ideological interest in the subject she studies.""",ad hominem
"Same-sex marriage must be prohibited, or the family structure as we know it will  collapse.",appeal to emotion
"Girl:"" I'm worried that my friend is mad at me.""
Friend: ""I wonder what you call a male lady bug?""",fallacy of logic
"All babysitters have pimples.
All babysitter club members are babysitters.
Therefore, some babysitter club members have pimples.Example #2:
All forest creatures live in the woods.
All leprechauns are forest creatures.
Therefore, some leprechauns live in the woods.",fallacy of logic
"Kent: My new car is really fast.

Cal: I doubt that it is as fast as a jet fighter so, therefore, it is not fast.",fallacy of extension
You're wrong because you're ugly!,ad hominem
"Every time that rooster crows, the sun comes up. That rooster must be very powerful and important!",false causality
Someone who says something which does not flow logically in the conversation is guilty of using:,fallacy of logic
"If you don't say the pledge of allegiance, then you must be a traitor.",false dilemma
Nobody thinks homelessness is a good thing.,faulty generalization
“We shouldn’t even bother to interview that job applicant. He has a beard.”,ad hominem
People are like dogs. They respond best to clear discipline.,fallacy of logic
My phone charger is broken because it doesn't work.,circular reasoning
"It looks like the waiter forgot to charge us for the expensive bottle of champagne.  Let’s just leave -- after all, if he overcharged us, I doubt he would chase us down to give us our money back that we overpaid.",fallacy of relevance
"Superstition is a belief or practice resulting from ignorance, fear of the unknown, trust in magic or chance, or a false conception of causation -- unless it is astrology.",intentional
Student tells his professor that he thinks some of Donald Trump's positions have merit. Professor says he can't believe that the student believes in support racism.,fallacy of extension
AttP 11: It is okay to walk across Mr. Jones's property as evidenced by other people walking on his property.,ad populum
"“Your coach’s policy is that no one can be a starter on game day if they miss practice. So, if you miss basketball practice today, you won’t be a starter in Friday’s game. Then you won’t be the first freshman to start on the Varsity basketball team at our school.”'",faulty generalization
The is zero doubt that she has the condition. She scored high on two separate diagnostic tests for it and both tests have shown extremely high validity. That proves she has it.,fallacy of relevance
Which of the following is true?,fallacy of relevance
"“Don’t worry about eating fast food. After all, millions of Americans eat it every day.”",ad populum
"Violence among teens has risen the last five years. Video game playing among teens has also risen the last five years. Therefore, playing video games causes teens to be violent.",false causality
"“If America doesn’t send weapons to the Syrian rebels, they won’t be able to defend themselves against their warring dictator. They’ll lose their civil war, and that dictator will oppress them, and the Soviets will consequently carve out a sphere of influence that spreads across the entire Middle East.",faulty generalization
"I believe in supernatural beings because every time I drive past the cemetery where  my grandmother is buried, a light on my dashboard flashes.  Her spirit causes this because it never happens otherwise.",false causality
"You've got to teach the boys logic! If you don't teach them logic, they won't learn how to think, and they'll become hobos and die in prison! Don't you care about your sons? (Mother to Father)",false dilemma
"Bill, you drive a beat-up car from the 1980s. For this reason, we can never allow you to be a lifeguard at the community pool.",ad hominem
"If it was raining outside, it would be dark. It’s dark outside, so it must be raining.",fallacy of logic
Our gang will beat up anyone who doesn’t vote our way,appeal to emotion
"Person 1: I think pollution is the cause of climate change.

Person 2: So you think humans cause hurricanes and tornadoes and tsunamis?",fallacy of extension
"Everything I say is true. This is true because I said it, and everything I say is true.",circular reasoning
"Falsely requiring an opponent to “disprove” instead
of you “proving” your argument",intentional
"Joe and Sam are at the race track betting on horses. Joe: ""You see that horse over there? He lost his last four races. I'm going to bet on him.""
Sam: ""Why? I think he will probably lose.""
Joe: ""No way, Sam. I looked up the horse's stats and he has won half his races in the past two years. Since he has lost three of his last four races, he'll have to win this race. So I'm betting the farm on him.""
Sam: ""Are you sure?""
Joe: ""Of course I'm sure. That pony is due, man...he's due!""",false causality
"If Hunter was human, he would be mortal. Hunter is mortal. Therefore, Hunter is a human.",fallacy of logic
we should not build bike lanes because cyclists run red lights,fallacy of extension
"If we let this child bring the permission slip late, there is no reason to ever set a deadline for anything again!",faulty generalization
"If you don’t expose your child to germs, he will never get sick. Therefore, he will never build up his immune system to fight illness. He will grow up to be a sickly adult.",faulty generalization
"Donald Trump Jr. Tweeted:
If I had a bowl of skittles and I told you just three would kill you. Would you take a handful? That's our Syrian refugee problem.
",faulty generalization
No one should believe our dear lady Senator who have had an adulterous relationship.,ad hominem
"For want of a nail the shoe was lost.
For want of a shoe the horse was lost.
For want of a horse the rider was lost.
For want of a rider the battle was lost.
For want of a battle the kingdom was lost.
And all for the want of a nail.
“For Want of a Nail,” medieval proverb",faulty generalization
We believe on what we believe in.,intentional
"I should receive an 'A' in this class. After all, if I don't get an 'A' I won't get the fellowship that I want.",appeal to emotion
"Every time my brother Bill accompanies me to Fenway Park, the Red Sox are sure to lose",false causality
"Maria has been working at her current job for more than 30 years at the same wage. She desperately wants a raise so she approaches her boss to ask for one. She says, ""You are one of the kindest people I know. You are smart and good-looking and I really love your shoes.""",appeal to emotion
I asked six of my friends what they thought of the new spending restraints and they agreed it is a good idea. The new restraints are therefore generally popular.,faulty generalization
There's no point listening to your opinion on school lunches. Everybody knows you cheat on your math tests.,ad hominem
OJ Simpson couldn't have murdered his wife. He's in the Pro Football Hall of Fame. He's famous!,fallacy of relevance
"""Every time I forget my lunch bag, school ends early"" is an example of",false causality
"In our psychology department, half of the faculty believe that the new assistant professor shows serious problems in the area of ethics. The other half believe that the new faculty member shows no problems in the area of ethics. Obviously the new professor shows mild to moderate problems in the area of ethics.",fallacy of relevance
"Daughter: Mom, I want that doll!
Mom: Let's get home and I'll get you a popsicle!
Daughter: Ooh, popsicle!",fallacy of relevance
Why are you criticizing the Anti-Terror Law? Are you a terrorist?,fallacy of extension
"Your friend says, ""You can't prove that space aliens don't exist, so they must be real."" This is an example of which logical fallacy?",intentional
"NASA: Yes, we really did successfully land men on the moon.
TinFoilHatGuy1969: Yeah, right. And Elvis is really dead.",intentional
"My father smoked four packs of cigarettes a day since age fourteen and lived until age sixty-nine.  Therefore, smoking really can’t be that bad for you.",faulty generalization
"Mr. Casal got sick last week, so it was likely due to the students.",circular reasoning
Almost everyone at my school will be at the party Friday night. It must be the right thing to do.,ad populum
"Only a selfish, non-caring person would believe that this is ok.",ad hominem
"In paragraph 43, Rodriguez accuses the middle-class ethnics of being guilty of which of the following logical fallacies?",faulty generalization
"“But, Dad, I know you had no curfew when you were my age, so how can you give me a curfew?”",ad hominem
"During class, Alex whispers to Jeff, ""More than 80% of university professors are voting against the Republicans. Clearly, it's the only intelligent vote to make.""",ad populum
"Growing up, many children are told to eat their dinner or else they would never grow big and tall. What fallacy is this?",false dilemma
"Everyone seems to support the changes in the vacation policy, and if everyone likes them, they must be
good.",ad populum
"If someone told you, ""Kyra doesn't know anything about science because she likes weird music,"" what logical fallacy are they using?",ad hominem
"Global chocolate consumption is highest in Switzerland, yet people there are among the trimmest in the industrialized world. Therefore, it's reasonable to conclude that chocolate helps keep your weight down.",false causality
"The fallacy of equivocation occurs when a key term or phrase in an argument is used in an ambiguous way, with one meaning in one portion of the argument and then another meaning in another portion of the argument.",equivocation
one thing leads to another and another and another. . . creates a “snowball” effect.,faulty generalization
"If I don't take the right classes in high school, then I won't be able to get into a good college. If I don't get into a good college, then I won't be able to get a job. If I can't get a job, then I am going to end up homeless.",faulty generalization
This fallacy suggests that unlikely or ridiculous outcomes are likely when there’s just not enough evidence to think so.,faulty generalization
Warning!  Smoking may cause frostbite?,fallacy of relevance
"Don: If you drink alcohol, it will kill any virus you might have.
Tony: What evidence do you have to support that? 
Don: I don’t need evidence. It is common sense.
",intentional
"""A person apparently hopelessly ill may be allowed to take his own life. Then he may be permitted to deputize others to do it for him should he no longer be able to act. The judgment of others then becomes the ruling factor. Already at this point euthanasia is not personal and voluntary, for others are acting on behalf of the patient as they see fit. This may well incline them to act on behalf of other patients who have not authorized them to exercise their judgment. It is only a short step, then, from voluntary euthanasia (self-inflicted or authorized), to directed euthanasia administered to a patient who has given no authorization, to involuntary euthanasia conducted as a part of a social policy.""",faulty generalization
President Petutti ordered a military strike that killed many civilians. He is no different than any other mass murder and he belongs in prison!,faulty generalization
Students tell Ms. Higgins her hair color looks different on her. Ms. Higgins can't believe her students called ugly and horrendous to look at.,fallacy of extension
You want me to clean my locker? I think I left my homework in Science class. I need to keep up with my homework to get good grades.,fallacy of relevance
"Shamus pointed a drunken finger at Sean and asked him to explain how so many people could believe in leprechauns if they're only a silly old superstition. Sean, however, had had a few too many Guinness himself and fell off his chair.",ad populum
"Sarah loves to wear running shoes, all girls must like to run.",faulty generalization
"Since a single human cell becomes a grown man over a period of a few years, then surely it can't be impossible for a single-cell organism to become the human race over a period of several million years.",fallacy of logic
Have you stopped cheating on your tests?,intentional
smoking cigarettes is deadly because cigarettes can kill you,circular reasoning
You should listen to Ellie Goulding because everyone is listening to her music.,ad populum
"Oh, please. What would you know about labor laws? You don't even have a job.",ad hominem
"X is popular; therefore, X is right.",ad populum
"I know you don't like the cat sweater that Grandma knitted for you, but she worked so hard on it, and it will make her happy to see you wear it in the family holiday photo.",appeal to emotion
"Sukaina to her mom: Either you buy me this new book, or you decide that reading is not important at all.",false dilemma
"If we legalize pot, the next thing you know people will want to legalize meth and heroin.",faulty generalization
"""Our planet is going to be destroyed! People are creating too much waste, the temperature will continue to rise, natural disasters will occur more frequently, the animals will starve to death, and the planet will basically turn into Venus!""",faulty generalization
"""The two courses I took at UWI were not very interesting. I don't think its a good university.""",faulty generalization
"You support capital punishment just because you want an “eye for an eye,” but I have several good reasons to believe that capital punishment is fundamentally wrong.",fallacy of extension
"""The logic teacher was hired to fill the new computer animation class. He is a great admirer of Pixar's work and will do a great job.""",fallacy of credibility
"""I think that the use of marijuana as a medical treatment shouldn't even be considered. If we make drugs legal in a few cases, then we might eventually have to completely legalize them - which is even crazier than Proposition 215. If we want to help people out by letting them do illegal things, then let's just get rid of all our laws.""",faulty generalization
"Claiming that ""If you elect him, the Dow Jones will tumble and you will lose all of your money!"" is an example of:",appeal to emotion
"""There is ... a radical element, a homosexual agenda that wants to redefine what marriage is. They want to say that a marriage not only is one man and one woman but it is two men or it is two women. What logical reason is there to keep us from stopping expansion of that definition to include three people or an adult and a child, or any other odd combination that we want to have?  ... and it does not even have to be limited to human beings by the way. I mean it could be anything. ... There is no reason why we cannot just completely erase whatever boundaries that currently exist on the definition of marriage and say it is a free-for-all, anything goes.""",faulty generalization
Joe is firm in his principles. The reader admires Joe for not changing his ideas and opinions according to what is popular or advantageous.,appeal to emotion
Vote for me because the other candidate is a cheat and a liar!,ad hominem
"""I knew him in high school and he almost flunked out. He can't be a good choice for mayor.""",ad hominem
"Charlie: Fast food is filled with salt, fat and added sugars. We need better regulation of the industry.
Bob: That may be, but you're such a hypocrite! I saw you devour a Triple-Baconator, super-sized fries and 64 ounces of soda yesterday.",ad hominem
"If I eat fast food for dinner, then I have a stomach ache in the evening. I had a stomach ache this evening. Therefore I ate fast food for dinner.",fallacy of logic
Democrats are gay and Republicans are rich.,faulty generalization
"What I object to most about those people who oppose capital punishment is that they believe that the lives of convicted murderers are more important than the lives of the police and prison guards who protect us. But, obviously, since the lives of those who protect us are of the greatest value, no one should oppose capital punishment.",fallacy of extension
"Ashley: It is morally wrong to cheat on your spouse; why on earth would you have done that?
Hannah: But what is morality exactly?
Ashley: It’s a code of conduct shared by cultures.
Hannah: But who creates this code?...
Hannah has committed what fallacy?",fallacy of relevance
I bought new shoes then my head started itching. I must be allergic to the shoes.,false causality
An attempt to gain a customer’s trust in an advertisement is referred to as,fallacy of credibility
"The police said they suspect several people of setting the fire. Therefore, I can't be under suspicion because I was alone all night.",equivocation
I saw that dog eat chicken so all dogs must only eat chicken.,faulty generalization
"Every time I go to sleep, the sun goes down. Therefore, my going to sleep causes the sun to set.",false causality
"Bill: ""I think that some people have psychic powers."" 
Jill: ""What is your proof?"" 
Bill: ""No one has been able to prove that people do not have psychic powers.""",intentional
"Alley ate a slice of pizza for dinner and a few hours later she had a fever. Therefore, pizza causes fevers.",false causality
"""You're clearly just too young to understand what’s happening.” The statement is an example of…",ad hominem
The Bible is the Word of God because God tells us it is... in the Bible.,circular reasoning
"""A solar flare erupted from the sun three days ago, and my laptop died this morning. Solar flares are very dangerous for computers.""",false causality
"There is a lot of commotion regarding saving the environment. We simply cannot make this world into the Garden of Eden. Pursuing perfection is impossible and pointless. And besides, even Adam and Eve got bored in Eden!",fallacy of relevance
"The uncommunicative strangers seemed unwilling to speak to us, hiding behind the language barrier.",appeal to emotion
"The lady in the pink dress is Julia Roberts.
The reporter thinks Julia Roberts drives a Prius.
Therefore, the reporter thinks the lady in the pink dress drives a Prius.",fallacy of logic
"Everybody understands that the values in New York City are socially liberal and pro-abortion and pro-gay marriage,' he said. 'And focus on money and the media.",faulty generalization
"By rejecting God, you are rejecting goodness, kindness, and love itself.",appeal to emotion
news organizations are Fake News?,faulty generalization
Not able to defend his position that evolution 'isn't true' Bob says that he knows a scientist who also questions evolution (and presumably isn't a primate).,fallacy of credibility
"Q: Did the President have an affair?
A: ""He's very busy at the moment with the Middle East Peace talks, and has no time for
 silly accusations."" ",fallacy of relevance
"My parents are vegetarians, and they are good people. Therefore, all vegetarians must be good people.",faulty generalization
present ideas that elicit strong feelings,appeal to emotion
"So many people are speaking up about animal rights, but what they should first focus on is human rights.",fallacy of relevance
You can't give me a C. I'm an A student.,circular reasoning
You say that Coach Smith pressured teachers to give his students passing grades. But don’t you agree that athletics are important to schools? Don’t they build character?,fallacy of relevance
"Nuclear disarmament is a risk, but everything in life involves a risk. Every time you drive in a car you are taking a risk. If you're willing to drive in a car, you should be willing to have disarmament.",fallacy of logic
"Peter: ""Based on the arguments I have presented, it is evident that it is morally wrong to use animals for food or clothing.""
Bill: ""But you are wearing a leather jacket and you have a roast beef sandwich in your hand! How can you say that using animals for food and clothing is wrong!""",ad hominem
"This type of propaganda implies that since EVERYONE else is buying a product, so should you!",ad populum
"Saying that because one finds something difficult to understand, therefore it's not true",intentional
"I know nothing about Tank Johnson except that he has a criminal record as long as your leg, but I’ll bet he’s really just misunderstood",intentional
"This is an example of what?
""Attacks the arguer instead of the argument""",ad hominem
Richardson is the most successful mayor the town has ever had because he's the best mayor of our history.,circular reasoning
"""My roommate said her Debate class was hard, and the one that I'm in right now is hard, too. All Debate classes must be hard!”",faulty generalization
"""Freedom of choice is an important freedom. Students should have the freedom to choose between different types of soft drinks.""",faulty generalization
"I broke my mirror this morning, AND I failed my History test. I must've failed because the mirror gave me bad luck.",false causality
"Everyone is selfish; everyone is doing what he believes will make himself happier. The recognition of that can take most of the sting out of accusations that you're being ""selfish."" Why should you feel guilty for seeking your own happiness when that's what everyone else is doing, too?
What's the logical fallacy?",ad populum
Leonardo DiCaprio is just a dumb actor! What does he really know about climate change?!,ad hominem
“Live with me or live on the streets”,false dilemma
"Despite the fact that our Q4 numbers are much lower than usual, we should push forward using the same strategy because our CEO Barbara says this is the best approach.",fallacy of credibility
"Advocates for a tight virus response say ""we need to limit the spread."" What they're really saying is we need to shut down everything forever, leading to massive economic damage.",fallacy of extension
Senator Smith says that the nation should not add to the defense budget. Senator Jones says that he cannot believe that Senator Smith wants to leave the nation defenseless.,fallacy of extension
a movie reviewer who dislikes a Tom Cruise movie because of the actor's religion and tries to impose negative bias in the audience members' minds before they see the film.,ad hominem
"""Politicians and diapers must be changed often, and for the same reason.""",fallacy of logic
"A teacher tells Billy to stop talking, and he yells back: “Sarah was talking too!”",fallacy of relevance
"Every time we sacrifice virgins, it rains. Therefore, sacrificing virgins causes it to rain.",false causality
Nobody else is wearing masks out in public. Why should you?,ad populum
"""Even though it's only the first day, I can tell this is going to be a boring course.""",faulty generalization
If Mr. Stiedemann assigns us homework then I can't work on other assignments in my other classes. Then my teachers will get mad and cause me to get angry. Then my anger will lead to behavioral issues and I'll get suspended.,faulty generalization
"Al Gore's support of the discussion of sexual orientation issues on Ellen is  dangerous:  he advocates the exposure of children to sexually explicit materials,  which is wrong.",fallacy of extension
"Recently, we highlighted a British journalist’s story about the underside of Dubai’s startling ascent. Some in Dubai called foul, including one writer who wants to remind Britons that their own country has a dark side. After all, what to think of a country in which one-fifth of the population lives in poverty?",ad hominem
"I am voting for Pepitone for President because the rest of my family is voting for her, and I don't want to be the only one not doing so.",ad populum
"My opponent in this election claims to have the best interests of our community at heart. However, he is separated from his family. Isn’t family the basic unit of society? How can we entrust the concerns of the community to someone who was not able to keep his family together?",ad hominem
"The first time I went to Six Flags was great, so every time I go there will be great.",faulty generalization
President Reagan was a great communicator because he had the gift of talking effectively to the people.,circular reasoning
"My roommate said her philosophy class was difficult, and the one I’m in is difficult, too. All philosophy classes must be hard.",faulty generalization
"I thought you were a good person, but you weren’t in class today.",false dilemma
America has to act now to reduce illegal immigration. Recent studies show that the vast majority of Americans think that illegal immigration is a problem.,ad populum
"America keeps telling China to be more respecting of journalism, but why don't they stop the American propaganda first?",ad hominem
Forty million people won't be wrong. Please buy the latest iPhone 12.,ad populum
The speaker insinuates that there are only two options despite this not being true.,false dilemma
I can tell this movie is going to be terrible; the opening credits aren't even over yet!,faulty generalization
"If you had school pride like the rest of us do, you would wear a mountain lion costume every day.",ad populum
"My new method of conducting meta-analyses is the most valid there is because it is the only one capable of such validity, the only one that has ever approached such validity, and the only one that is so completely valid.",circular reasoning
"My first day of basketball practice was easy, so it will always be easy.",faulty generalization
"In our psychology department, half of the faculty believe that a behavioral approach is the only valid approach; the other half believe that the only valid approach is psychodynamic. Obviously the most valid approach must be one that incorporates both behavioral and psychodynamic elements.",fallacy of relevance
"My teacher says the Earth is flat, so it definitely is flat.",ad hominem
"Roommate A: We need to talk about your dog. He keeps peeing everywhere and making a mess.
Roommate B: It's not as big of a problem as your cat. The thing sheds all over my clothes!
The above is an example of",fallacy of relevance
"Preys on people’s emotions and sensitivities, can turn into a slippery slope",appeal to emotion
"The temperature has dropped this morning, and I also have a headache. The cold weather must be causing my headache.",false causality
"To justify support for a position by citing an esteemed or well-known figure who supports it.

Para justificar el apoyo a una posición citando a una figura estimada o conocida que lo apoya.",fallacy of credibility
"If the state can require car seats for small children and infants, they can just as easily require mothers to breast-feed instead of using formula.",fallacy of logic
"Cassie has no school spirit—she never comes to any of our football games.
guilt by association: a negative association intended to discredit someone or something",false dilemma
"""Standardized dress should be used in schools because kids should wear standardized dress.""",circular reasoning
"Because cases spiked rapidly in New York City back in March, it justified us closing down the whole country.",faulty generalization
"Good people don't lie. You told a lie. Therefore, you are not a good person.",fallacy of logic
Has your clinic stopped those unethical practices yet?,intentional
"""Advocates of legalized abortion predicted it would solve our social problems. Instead, this destruction of one-fourth of a generation has left a more violent society in its wake: Child abuse has exploded, from 167,000 estimated cases in 1973 to 2.4 million in 1989, according to the National Center of Child Abuse and Neglect - a 1,400% increase. Teen suicide, among non-aborted and thus presumably ""wanted"" children, has doubled. Violent crime has more than doubled.""",fallacy of extension
"Hi, I’m Troy McClure. You might remember me from such films as The Day the Peacock Died. After filming scenes with feathered co-stars all day, there’s nothing I enjoy more than a bucket of Buster’s Chicken. It’s chickentastic!",fallacy of credibility
"Jimmy stole Tommy’s lunch in the past.

Therefore, it is acceptable for Tommy to steal Jimmy’s lunch today.

",fallacy of relevance
"Dr. Simmons: I am working on a way to lengthen the human lifespan to about 200 years.
Misty: You are declaring war on Mother Nature, and Mother Nature always wins!",equivocation
"You never even finished law school, so why should I trust you to watch my children?",ad hominem
A news story that reported that Captain Shah was under investigation was shared widely on social media. He must have been the individual who caused the crash.,ad populum
"""If my hair looks nice, people will love me.""",fallacy of logic
"Since it was a deathbed confession, it must be true.",ad hominem
"I don't know about you, but I would never take the word of a woman who never finished school.",ad hominem
"If we use just one more can of hairspray this month, earth as we know it will no longer exist.",faulty generalization
"If there is objective morality, then good moral behavior will be rewarded after death.  I want to be rewarded; therefore, morality must be objective.",appeal to emotion
"The ideas from that member of the club are wrong, but he isn’t actually a true member of the club so his ideas do not matter.",intentional
"""I know the exam is graded based on performance, but you should give me an A. My cat has been sick, my car broke down, and I've had a cold, so it was really hard for me to study!""",appeal to emotion
"Religion may have been wrong about a few things, but science has been wrong about many more things!",faulty generalization
"""Let's look instead at what my opponent proposes to do with your hard earned money!""
This is an example of which type of logical fallacy?",fallacy of relevance
"To my knowledge, there are no studies supporting this approach. Therefore, I see no reason to change our routine.",intentional
"Billy - ""Spanish is easy."" Bobby - ""Don't listen to Billy; he failed Spanish class last year. """,ad hominem
All dogs go to heaven.,faulty generalization
"Becky: I think capital punishment is a necessary component of our justice system and should remain legal.
Alex: So you are saying that murder should be legal and it is okay for us to go around killing people just because we think they deserve it? That isn't right.

Of what fallacy is Alex guilty?",fallacy of extension
"If Joe robbed a bank then he has a million dollars. Joe has a million dollars, so Joe robbed a bank.",fallacy of logic
"James' mom is concerned when she finds out that he skipped class one day. She tells him that she is concerned that since he skipped one class, he will start skipping more frequently. Then he will drop out altogether, never graduate or get into college, and end up unemployed and living at home for the rest of his life. What type of fallacy has James' mom committed?",faulty generalization
"""You can never give anyone a break. If you do, they'll walk all over you.""",faulty generalization
"If we allow students to have cell phones, it will lead to chaos in the classroom.  If we have chaos in the classroom, the students will fail to learn.  If they fail to learn, their lives will be ruined forever!",faulty generalization
"Noisy children are a real headache. Two aspirin will make a headache go away. Therefore, two aspirin will make noisy children go away.",equivocation
"It’s true that this company hasn’t given raises in the last 5 years, but we work really hard to ensure that we have a quality product and good customer service.",fallacy of relevance
"""Finish your dinner. There are starving children in Africa."" is an example of",fallacy of relevance
"You say that we have exaggerated the problem with global warming, but have you even considered how much more the homeless suffer when temperatures soar?",fallacy of relevance
"My opponent raises a good point, but can we really trust him? I mean he moved to this town only two years ago and everyone knows that his wife left him.",ad hominem
"MeowMeowTweet is American-made skincare. I used it, and it gave me zits. American-made skincare gives people acne.",faulty generalization
"Marie notices that many of her friends have started eating a low-carb diet and drinking protein shakes. Marie decides that this must be the healthy way to eat, so she joins them.",ad populum
"My first time walking the dog went terribly, so my dog is a terrible one.",faulty generalization
It must be acknowledged that [whatever psychological test battery I use] is the only legitimate test battery.,circular reasoning
"""If a black cat crosses your path you will have bad luck.""",false causality
"""She is the best candidate for president because she is better than the other candidates!""",circular reasoning
Trans fats are as bad as biological weapons.,fallacy of relevance
"Only a mentally ill person would kill someone, so anyone who kills someone is automatically mentally ill.",circular reasoning
"I thought you cared about other people, but I didn't see you at the fundraiser for the Children's Hospital ...",false dilemma
"Power lines cause cancer.  I met a little boy with cancer who lived just 20 miles from a power line who looked into my eyes and said, in his weak voice, “Please do whatever you can so that other kids won’t have to go through what I am going through.”",appeal to emotion
"You smoke pot? If you keep doing that, you’ll be a heroin addict within two years.",faulty generalization
Saying that men don't ever ask for directions,faulty generalization
Just give me a chance to prove it to you. I can’t live this life if you will leave me. My world will stop to turn around. I will not be able to eat nor drink.,appeal to emotion
"All cats are animals.
Some pets are cats.
Therefore, some pets are not animals.",fallacy of logic
"I am going into surgery tomorrow so please pray for me.  If enough people pray for me, God will protect me from harm and see to it that I have a successful surgery and speedy recovery.",appeal to emotion
"Water fluoridation affects the brain. Citywide, student’s test scores began to drop five months after fluoridation began. The water fluoridation must have caused the student's test scores to drop.",false causality
"Billy - ""An apple is a vegetable.""  
Bobby - ""Don't listen to Billy; he failed Spanish class last year. """,ad hominem
"""I believe that PNoy is the Abraham Lincoln of the Philippines.""",fallacy of logic
What’s the point of living?  We’re all going to die anyway.,intentional
Covid-19 is like 10 people doing arts and crafts together and one of them is working with glitter. How many art projects in the group get glitter on them?,fallacy of logic
"""Andrea Dworkin has written several books arguing that the media harms women when it comes to body image. But Dworkin is an ugly, bitter person, so you shouldn't listen to her.""",ad hominem
"You must obey the law, because it’s illegal to break the law.",circular reasoning
"I've only read a couple pages of this book, and I've already found a typo. There's no way I'm reading the rest of this garbage.",faulty generalization
"She asserts that we need more military spending, but that is false, since she is only saying it because she is a Republican.",ad hominem
"The book Investing for Dummies really helped me understand my finances better. The book Chess for Dummies was written by the same author, was published by the same press, and costs about the same amount, so it would probably help me understand my finances as well.",fallacy of logic
Do you support freedom and the right to bear arms ?,intentional
"Without this additional insurance, you could find yourself broke and homeless.",appeal to emotion
"Bill and Jill are arguing about cleaning out their closets: 
Jill: ""We should clean out the closets. They are getting a bit messy."" 
Bill: ""Why, we just went through those closets last year. Do we have to clean them out everyday?"" 
Jill: ""I never said anything about cleaning them out every day. You just want too keep all your junk forever, which is just ridiculous.""",fallacy of extension
"""I will end this war in Iraq responsibly, and finish the fight against al Qaeda and the Taliban in Afghanistan. I will rebuild our military to meet future conflicts. But I will also renew the tough, direct diplomacy that can prevent Iran from obtaining nuclear weapons and curb Russian aggression. I will build new partnerships to defeat the threats of the 21st century: terrorism and nuclear proliferation; poverty and genocide; climate change and disease. And I will restore our moral standing, so that America is once again that last, best hope for all who are called to the cause of freedom, who long for lives of peace, and who yearn for a better future.""  Which appeal is the primary appeal used in this quote?",fallacy of credibility
Senator Lewis says we should not fund the missile attack program. I disagree. I don't know why she wants to leave us defenseless like that.,fallacy of extension
He can't be a great athlete; he didn't adopt the stray dog on the street.,ad hominem
Kevin's grandparents do not know how to use a computer. Kevin thinks that all older people must be computer illiterate.,faulty generalization
"I'm not surprised, frankly, that someone who gets lost in his own neighborhood would argue that New York has better pizza than Chicago.",ad hominem
"The number of off-leash dogs I've seen in Livingston is completely unacceptable. Let's make our streets safe again by addressing this dog problem, before our city becomes a haven for criminals.",fallacy of relevance
"The reason everyone wants the new ""Slap Me Silly Elmo"" doll is because this is the hottest toy of the season!",circular reasoning
"An increasing number of people are keeping ferrets as pets, so they must make wonderful companion animals.",ad populum
"Miller Lite is cheap beer, so the Guinness will be cheap, too",faulty generalization
"His house is about half the size of most houses in the neighborhood. Therefore, his doors must all be about 3 1/2 feet high.",faulty generalization
"Ten years ago I got a 170 on the LSAT, so I expect to get the same score again.",faulty generalization
My opponent is a card-carrying member of the K.K.K.,faulty generalization
1. “Michael Jordan wore his UNC shorts during every game he played in the NBA and he won 6 championships.”,false causality
"The shopping is a red herring, since the original issue was
video games. 
",fallacy of relevance
"Bert: I've been learning about the Second World War lately. I found that America provoked Japan into attacking Pearl Harbor. I don't think that was the right thing to do.
Jenny: Oh, so you are now taking the side of Axis? Do you think Germany and Japan were right to do what they did?",fallacy of extension
"I would have done my homework, but my refrigerator stopped working.",fallacy of logic
"I ate Oreos, and then I was sick the next day. It must have been the Oreos that caused my sickness.",false causality
"Cari says that we need a major overhaul in education. Cari gets a speeding ticket every other week, so maybe she should learn how to drive instead of worrying about schools.",ad hominem
"""I drank bottled water and now I am sick, so the water must have made me sick.""

What logical fallacy is used in the statement above?",false causality
Why doesn't Tim get a real job like normal people instead of trying to launch that Internet business from home?,fallacy of credibility
"Every time I go to sleep, the sun goes down.  Therefore, my going to sleep causes the sun to set.",false causality
"""It rained and then we lost the game. Every time it rains, we're going to lose.""",false causality
Sandra is an angel from heaven. She gave me a free lunch today.,fallacy of logic
This guy in my class with glasses always talks in class so all guys with glasses are talkative.,faulty generalization
“Harold’s new book is well-written because Harold is a wonderful writer.”,circular reasoning
"""You should never break traffic laws.""
""Who are you to speak? You've gotten over fifteen speeding tickets!"" What is this?",ad hominem
We shouldn't let teenagers keep their phones just because they're upset at losing them; most babies cry when you take their toys away too.,fallacy of logic
"Ted: Biological evolution is both a theory and a fact.
Edwin: That is ridiculous!  How can you possibly be absolutely certain that we evolved from pond scum!
Ted: Actually, that is a gross misrepresentation of my assertion.  I never claimed we evolved from pond scum.  Unlike math and logic, science is based on empirical evidence and, therefore, a scientific fact is something that is confirmed to such a degree that it would be perverse to withhold provisional consent.  The empirical evidence for the fact that biological evolution does occur falls into this category.
",fallacy of extension
There was a fight at school today. Violence is a growing problem in school.,faulty generalization
"You think labor unions are good? You know who else liked labor unions? Karl Marx, that’s who.",ad hominem
"It is possible aliens built the pyramids. Therefore, aliens built the pyramids.",fallacy of logic
The picture on Jim's old TV set goes out of focus. Jim goes over and strikes the TV soundly on the side and the picture goes back into focus. Jim tells his friend that hitting the TV fixed it.,false causality
This coin has landed heads-up nine times in a row. So it will probably land tails-up next time it is tossed.,false causality
argues that a proposition is true because it has not yet been proven false,intentional
I guess I should buy my 14 year old a new iPhone since everyone at her school has one.,ad populum
"Siblings Dan and Joe had a serious argument, and Dan told Joe that he hated him and wished that he would get hit by a car. Two days later, Dan was told that Joe had been struck by a car. Dan blamed himself and thought that if he hadn’t made the comment during their fight, Joe would not have been hit.",false causality
Photo shows flying saucer,fallacy of logic
Students are poor writers because they watch too much TV,false causality
"If we let your brother stay, we’ll have to let your whole family stay.",faulty generalization
Justifies a claim because a large group favors it,ad populum
Which type of logical fallacy is used when a writer incorrectly states that one event has caused another?,false causality
Politician: Taxes are too hard to understand. The government must be tricking us and taking our money. We need to simplify our taxes!,intentional
"JOHN F. KENNEDY: I'm not satisfied when the United States had last year the lowest rate of economic growth of any major industrialized society in the world… (from opening statement)
RICHARD NIXON: We heard tonight, for example, the statement made that our growth in national product last year was the lowest of any industrial nation in the world. Now last year, of course, was 1958. That happened to be a recession year. But when we look at the growth of G.N.P. this year, a year of recovery, we find that it's six and nine-tenths per cent and one of the highest in the world today… (from opening statement)
September 26, 1960
Chicago, Illinois

What logical fallacy does Kennedy use?",faulty generalization
Within every man's heart is the desire to be free.,faulty generalization
Filthy and polluting coal should be banned.,circular reasoning
"Don't let your children stay up till midnight on New Year's Eve. Before you know it, they'll be demanding to stay up till midnight every night.",faulty generalization
"""Officer, I was only driving as fast as everyone around me. I'm sure I wasn't speeding.""",ad populum
"""If you hadn't vandalized that car, don't you think things would have gone better for you?""",intentional
"Most people think the world is flat, therefore it is flat.",ad populum
"Quinoa is a delicious, plant-based source of protein because it tastes so darn good.",circular reasoning
We know he’s not lying since he says he’s telling the truth.,circular reasoning
"Because 90% of college students polled had no debt, education costs are not a problem.",intentional
"The priest told me I should have faith.
I have faith that my son will do well in school this year.
Therefore, the priest should be happy with me.",equivocation
Teacher: If I let you go to the bathroom pretty soon everybody will want to go to the bathroom.,faulty generalization
"Medical Student: ""No one objects to a physician looking up a difficult case in medical books. Why, then, shouldn't students taking a difficult examination be permitted to use their textbooks?""",fallacy of logic
"""If you give a mouse a cookie, he'll want a glass of milk to go with it"" is a book built around THIS fallacy.",faulty generalization
"""She teaches engineering, and she said that the proposed bridge was a waste of money. I can't believe she hates our city so much.""",fallacy of extension
"The majority of people believe advertisers should spend more money on billboards, so billboards are objectively the best form of advertisement.",ad populum
The Senator must be wrong on the issue of taxes because he's such a jerk to the people who work for him.,ad hominem
"""If you never gave money to charity, then you must be a greedy millionaire."" What is this?",false dilemma
This is an example of....,circular reasoning
"""It rained and we lost the game. Every time it rains, we are going to lose.""",false causality
You have to invite Jenna to your party because it would not be nice not to invite Jenna.,circular reasoning
"The Bible clearly says, “Thou shall not bear false witness.” Therefore, as a Christian, you better answer the door and tell our drunk neighbor with the shotgun, that his wife, whom he is looking to kill, is hiding in our basement. Otherwise, you are defying God himself!",faulty generalization
Why must you always take positions that are so unscientific?,circular reasoning
What type of appeal taps into the desire to belong to a group?,ad populum
Intentionally using negatively charged words is an example of which technique?,ad hominem
"""If you have never been born again, eternal separation from God in the Lake of Fire awaits you. If you are born again, then being with the Lord in heaven forever is your destiny. Which do you choose?""",appeal to emotion
"""Everyone wants to be an English teacher.""",faulty generalization
"Either you love bacon, or you're wrong.",false dilemma
"""But this here research must go on. This space effort must go on"" is an example of which logical fallacy?",circular reasoning
"Person A: ""What's the weather like?""
Person B: ""It's 2:00""",fallacy of logic
We should move to the Midwest because Mujtaba from the Wall Street Journal says the cost of living is cheaper there.,fallacy of credibility
I failed Pre-Cal because my teacher doesn’t like me.,false causality
All tall people are good basketball players.,faulty generalization
"Don't use iPhones. Teachers use iPhones and teachers are extremely dorky. If you use an iPhone, you will be dorky like a teacher!",faulty generalization
"If I don't take this Advanced Placement (A.P.) class, then I won't do well on the exam. If I don't do well on the A.P. exam, then I can't get into a good college. If I can't get into a good college, then I'll never get a good job. If I can't get a good job, then I'm going to have to live in my parents' basement forever. Guess I'll sign up for the A.P. class",faulty generalization
Science fiction books are not worth the time it takes to read them.,faulty generalization
"Senator Jones supports a strong national defense, and he wants your vote. I would never vote for a coward like him.",ad hominem
"I hope I presented my argument clearly.  Now, my opponent will attempt to refute my argument by his own fallacious, incoherent, illogical version of history.",ad hominem
Are you still a heavy drinker?,intentional
"The nuthatch was discovered by Tilly Turnow in the woods, while hopping from branch to branch of an elm tree, singing happily.",equivocation
My brother Humza eats cheeseburgers and pizza. He is thin. Cheeseburgers and pizza aren’t the cause of obesity.,faulty generalization
"""Then we had a death. A 32-year-old woman hemorrhaged to death as a result of a cervical laceration. I finally realized, we weren't helping women - we were destroying them.""",appeal to emotion
Every girl I've dated has been a nurse. I must only be compatible with nurses!,false causality
"If you allow the students to redo this one test, they will always want to redo all future tests",faulty generalization
"Because students do not do homework virtually when quarantined, we should get rid of all computers.",fallacy of relevance
"The students in my sixth-grade class listen to a lot of reggaeton music. I usually hear reggaeton when they have their headphones or earphones on while working on NoRedInk. All sixth graders must listen to reggaeton.

What type of faulty reasoning is being used?",faulty generalization
"“We can give cadets awards for doing well, or we can have a disciplined squadron. We can’t do both.”",false dilemma
Art lifts the human spirit.,faulty generalization
"""Jollibee or McDonalds for lunch?""

The sentence is an example of what fallacy?",false dilemma
"If we let our child out of his room, eventually he will want to leave the house, and will end up on the street. If he is walking around on the street then he will be snatched up by a stranger and sold into slavery in a remote region on the World.",faulty generalization
We should ban all hairspray or the world will end!,false dilemma
"“I know the exam is graded based on performance, but you should give me an A. My cat has been sick, my car broke down, and I’ve had a cold, so it was really hard for me to study!” Demanded Aun.",appeal to emotion
"You can hardly blame President Clinton for having extramarital affairs. Many presidents, when faced with similar situations, have yielded to the same temptations.",fallacy of relevance
"It was observed that persons who went out at night often developed the malady. So night air was assumed to be the cause of malaria, and elaborate precautions were taken to shut it out of sleeping quarters",false causality
"Karen: I am sorry, but if you think man used to ride dinosaurs, then you are obviously not very well educated.
Kent:  First of all, I hold a PhD in creation science, so I am well-educated.  Second of all, your ad hominem attack shows that you are wrong, and man did use to ride dinosaurs.
Karen:  Getting your PhD in a couple of months, from a “college” in a trailer park, is not being well-educated.  My fallacy in no way is evidence for man riding on dinosaurs, and despite what you may think, the Flintstone’s was not a documentary!
",fallacy of logic
"""I bought a ticket to win a new car at the mall, since I have never won anything like that in the past.""",ad populum
"My dog got sprayed by a skunk this morning on the trail; therefore, trail running is dangerous.",faulty generalization
Keeping a dog as a pet is every bit as evil as human slavery.,fallacy of relevance
"I know the professor said the Bridges of Madison County was smarmy trash and lacked any artistic worth. But I still think he's wrong. After all, it was on the best-seller list for over 100 weeks.",ad populum
"Eric: For my lottery numbers, I chose 6, 14, 22, 35, 38, 40.  What did you choose?
Steve: I chose 1, 2, 3, 4, 5, 6.
Eric: You idiot!  Those numbers will never come up!",false causality
"The solar system reminds me of an atom, with planets orbiting the sun like electrons orbiting the nucleus. We know that electrons can jump from orbit to orbit; so we must look to ancient records for sightings of planets jumping from orbit to orbit also.",fallacy of logic
"""Sarah likes to run. All girls must like to run.""",faulty generalization
"The car was built with cheap parts, so it only goes to show that the car will fall apart.",ad hominem
"Matthieu was the only player on the team who didn't grow a playoff beard, and thus he ended up getting injured.",false causality
"""Yes, we have safety issues in our factory. But we work really hard to make a good product. They sell so well!""",fallacy of relevance
"Like many issues in the world, what seems to be the biggest ISSUE among the Climate Change DEBATE?",fallacy of extension
"Every time that rooster crows, the sun comes up. The rooster must control the sun.",false causality
"Consider the following exchange:
Lindsey: I think capital punishment is a necessary component of our justice system and should remain legal.
Kayla: So you are saying that murder should be legal and it is okay for us to go around killing people just because we think they deserve it? That isn't right.
Of what fallacy is Kayla guilty?",fallacy of extension
"""Don't listen to Eddie's arguments on education. He didn't even finish high school"" is an example of",ad hominem
"The Senator thinks we can solve all our ecological problems by driving a Prius

Quite the contrary, the Senator thinks the environment is such a wreck that no one’s car choice or driving habits would make the slightest difference",fallacy of extension
What she says about Kepler's astronomy theory of the 1600's must be just so much garbage. Do you realize she's only fifteen years old?,ad hominem
"We can’t legalize marijuana; if we do, then the next thing you know people will be strung out on heroin.",faulty generalization
"A: “We need to move towards self-driving cars as the next step in greater road safety.”

B: “But what about the self-driving Uber that didn’t stop and killed a pedestrian in Arizona?”",fallacy of extension
"“It must be cool because everyone is doing it…"" said Kinza",ad populum
We should abolish the death penalty. Even Judge Judy is opposed to it.,fallacy of credibility
"The owner of the car dealership by my house told me I need a new car, and he would know since he works in the industry.",fallacy of credibility
Believing that the cause of the Reformation was simply Martin Luther posting his theses,false causality
"Jane gets a rather large wart on her finger. Based on a story her father told her, she cuts a potato in half, rubs it on the wart and then buries it under the light of a full moon. Over the next month her wart shrinks and eventually vanishes. Jane writes her father to tell him how right he was about the cure.",false causality
You either support Hillary Clinton for President or you don’t believe in women’s rights.,false dilemma
This dress code is so bad I feel like I'm in prison.,fallacy of relevance
"How can you possibly believe in evolution? That would mean that you believe that an elephant evolved from a mouse, and that’s just ridiculous",fallacy of extension
Labor unions in America are just as bad as Russia under Stalin!,fallacy of relevance
"Don't let your cousin borrow $10.00. Next, he's going to be borrowing money from you every day.",faulty generalization
"I have been around the block many times, and I have had my share of success.  So believe me when I tell you that there is no better hobby than cat-juggling.",fallacy of credibility
Animal rights activists believe that we shouldn't keep animals captive and make them do our will. They would have you abandon your pets in the wilderness.,fallacy of extension
"If you can't prove that Ken had an affair with the nanny, then he's been faithful to his wife.	",false dilemma
Quite the contrary: The Senator thinks the environment is such a wreck that no one's car choice or driving habits would make the slightest difference.,fallacy of extension
"The universe has a beginning. Every thing that has a beginning has a cause. Therefore, the universe has a cause called God.",circular reasoning
"arguing at length that your religion is of great help to many people. Then, concluding that the teachings of your religion are undoubtably true",fallacy of logic
"A father tells his son not to start smoking as he will regret it when he is older, and the son points out that his father is a smoker. This does not alter the fact that his son may regret smoking when he is older.",ad hominem
It is either you are for the US war on terror or against it.,false dilemma
"Oprah Winfrey's diet advice is useless;  she has had problems with maintaining her weight for most of her life, bouncing back and forth between being overweight and slender.",ad hominem
"“Do you want to live in a world where you can get breakfast from McDonald’s all day, or would you rather live in a dictatorship?”",false dilemma
Royal's promoting their team for the next season by telling people to come join the team because everyone else has.,ad populum
That parking attendant who gave me a ticket is as bad as Hitler.,fallacy of relevance
Distracting your audience from the original issue by introducing an irrelevant topic.,fallacy of relevance
"Almadina school of Richmond does not have many students, so that must mean that the school has a very selective admissions process.",false causality
"""You passed everyone in the class, so I should get extra credit"" is an example of",fallacy of logic
"Yesterday, I walked under a ladder with an open umbrella indoors while spilling salt in front of a black cat. And I forgot to knock on wood with my lucky dice. That must be why I’m having such a bad day today. It’s bad luck.",false causality
"Yeah, I think everyone's opinion counts on moral matters like that, but that Lila sleeps around with anything. I know of at least one marriage she's broken up, so why should her opinion count on anything, much less morality?",ad hominem
"""everybody's doing it, so it must be a good thing to do.""",ad populum
"Flippityflu: smarter than a Floppityflip.
Floppityflip: dumber than a Flippityflu.
",circular reasoning
"Charlie: I think we should put more money into schools. Quality public education is so important.
Bob: So you’re saying we should cut military spending and spend it instead on more spiral notebooks and crayons? I guess you want our country to be a weak, defenseless target for terrorists.",fallacy of extension
"If we allow cadets to apply for encampment online, we’d save everyone lots of headaches. REPLY: No. We’ve always made cadets apply using a paper form.",fallacy of credibility
"My opponent raises a good point, but can we really trust him? I mean, he moved to this town only two years ago, and everyone knows that his wife left him.",ad hominem
Come on! Everyone else thinks the movie is great - you should too!,ad populum
How can I be expected to do my homework when billions of people around the world are throwing their plastic water bottles away without recycling them?,fallacy of logic
"Ok, I am willing to grant that there might not be angels and demons really floating around Heaven or hanging out in Hell, but you must grant that there has to be at least one God.  Is that a fair compromise?",fallacy of relevance
"You really should support Senator Jones and his campaign to strengthen national defense. If you do not, he will lose control of the Armed Forces Committee and likely resign from politics.",appeal to emotion
"All cats are felines.
All dogs are canines.
Therefore, all cats are canines.",fallacy of logic
"I know you want to imprison me for having murdered my parents, but judge, have mercy on me, I’m an orphan!",fallacy of relevance
"A book argues that global warming is not actually happening, and cites the research of one environmental scientist who has been studying climate change for several years.",fallacy of credibility
"""He's the best teacher I've ever had because he's the best teacher I've known.""",circular reasoning
“You can’t give me a C. I’m an A student!”,circular reasoning
"the claim, as evidence for an idea, that many people believe it, or used to believe it or do it.",ad populum
"The level of mercury in seafood may be unsafe, but what will fishers do to support their families?",fallacy of relevance
"involves acceptance or rejection of concepts based on their source, not their merit",ad hominem
"Hannah argues that because her friend was brainwashed as a child into thinking that people are generally good, people are not generally good.
Name that fallacy:",ad hominem
comparison or metaphors to relate ideas or situations that are not really that similar,fallacy of logic
"Biology teacher: The theory of evolution states that all species evolve, even humans.
Student: I can't accept that humans came from bugs.
Profesor de biología: la teoría de la evolución afirma que todas las especies evolucionan, incluso los humanos.
Estudiante: No puedo aceptar que los humanos provengan de insectos.",fallacy of extension
"Either you decide that you can afford this stereo, or decide not to have music for a while",false dilemma
"""My dad is a mechanic and he says that eating brushing your teeth twice a day is good for you. Since he is a mechanic, he knows best.""",fallacy of credibility
"“While you may have concerns about my votes about the environment, I can assure you that I am an open minded individual. What we should really discuss is my record on votes that expanded educational opportunities for all children.""",fallacy of relevance
"Because recent polling indicates that no voters in the county are strongly in favor of the proposed amendment, we can expect strong opposition to the amendment when it is voted on next month.",false dilemma
"You can look cool in our clothes, or you can look like a loser.",false dilemma
My opponent suggests that lowering taxes will be a good idea -- this is coming from a woman who eats a pint of Ben and Jerry’s each night!,ad hominem
"Bill: ""I believe that Obamacare is wrong."" Dave: ""Of course you would say that, you're a Republican."" Bill: ""What about the arguments I gave to support my position?"" Dave: ""Those don't count. Like I said, you're a Republican, so you have to support the party line. Further, you are just a lapdog to the Republican incumbent so you can get a job , so I can't believe what you say.""",ad hominem
"In the four years that I have been marketing my new and improved brand of past-life regressive biocognitive astral-projective hyperaffective-hypnotic-teleological-metatherapy (buy ten sessions and the next one is free!), not one person has proved it is worthless or that I am unethical for providing a therapy I just made up one day when I realized that no one was referring clients to me anymore. That makes clear what a worthwhile therapy this is and how exceptionally ethical I am to provide it.",intentional
"Bush was ""determined to knock down Saddam Hussein"" because of his ""nuclear  bomb potential.""",false causality
People who don't support the proposed state minimum wage increase hate the poor.,fallacy of extension
Trying to convince others that everyone is doing it or everyone feels this way so they should too.,ad populum
"""The Omani hospital tested three patients from Abu Dhabi and found they had the disease. They immediately banned all people from Abu Dhabi from entering the hospital.""",faulty generalization
"Global chocolate consumption is highest in Switzerland, yet people there are among the trimmest in the industrialized world. Therefore, it is reasonable to conclude that chocolate helps keep your weight down.",false causality
"Either we accept the findings of this study demonstrating that this new intervention is the best to be used for this disorder, or we must no longer call ourselves scientists, psychologists, or reasonable people.",false dilemma
We have no evidence that the Illuminati ever existed. They must have been so clever that they destroyed all the evidence.,intentional
"A fallacy which assumes that because something is popular, it is therefore good, correct, or desirable.",ad populum
What is the name of the fallacy in question 4 about Marcus?,ad populum
"Kelly is the most selfish, annoying person that I know. She says that we should recycle to help save the Earth, but she only thinks about herself, so she must be wrong.",ad hominem
"""You're not Kenyan enough to be a good leader in Kenya.""",intentional
"Tony: I bought a book on the law of attraction and two days later I won $30k in a lottery. I wasn’t a believer of the law of attraction before, but now I am!",false causality
Encourages the audience to become part of a group or act because other people are acting in the same way.,ad populum
"""In March, 5G was introduced and then we all got COVID"" is an example of",false causality
"Since the class is not asking any further questions, then that means that they are all ready for the test.",intentional
Politician: We have to decide if we are going to support school choice or if we are going to support failing schools. Those are the only two options.,false dilemma
"I want to have myself a merry little Christmas, but I refuse to do as the song suggests and make the yuletide gay.  I don't think sexual preference should have anything to do with enjoying the holiday.",equivocation
John Green is a wonderful writer because he writes so well.,circular reasoning
You can go to bed in 5 minutes or you can go to bed in ten minutes. What's your choice?,false dilemma
"Zebedee: What is your view on the Christian God?
Mike: I don’t believe in any gods, including the Christian one.
Zebedee: So you think that we are here by accident, and all this design in nature is pure chance, and the universe just created itself?
Mike: You got all that from me stating that I just don’t believe in any gods?
",fallacy of extension
"When President Kennedy said that research for space travel could help children with eye defects, he is making what kind of appeal?",appeal to emotion
"Minds, like rivers, can be broad. The broader the river, the shallower it is. Therefore, the broader the mind, the shallower it is.",fallacy of logic
"My father smoked four packs of cigarettes a day since age fourteen and lived until age sixty-nine. Therefore, smoking really can’t be that bad for you.",faulty generalization
"If we allow euthanasia, the next thing you know, murder will be legal.",faulty generalization
"Jason said that that was all cool and everything, but his grandfather smoked, like, 30 cigarettes a day and lived until 97 - so don't believe everything you read about meta analyses of methodologically sound studies showing proven causal relationships.",faulty generalization
"Because the last words spoken by either the pilot or co-pilot were ""Good night, Malaysia Three-Seven-Zero,"" the pilot fell asleep and accidentally crashed the plane into the ocean.",false causality
"Yes, I do think that all drunk drivers should go to prison, but your honor, he is my son! He is a good boy who just made a mistake!",intentional
Pamela is the class secretary. She says that she thinks that the class should do more service projects. Mark says he can't believe that Pamela doesn't support the annual school dance.,fallacy of extension
"There are seven windows given to animals in the domicile of the head: two nostrils, two eyes, two ears, and a mouth...From this and many other similarities in Nature, too tedious to enumerate, we gather that the number of planets must necessarily be seven.",fallacy of logic
Invoke shared values and principles. They call upon the audience’s sense of right and wrong.,fallacy of credibility
"Yes, I do think that all drunk drivers should go to prison, but your honor, he is my son!  He is a good boy who just made a mistake!",intentional
Of course we should buy an Apple computer whenever we need a new computer. We have been buying Apple as far back as anyone can remember!,fallacy of credibility
"The administration of echinocandins in this patient has been a very successful choice. Fever has subsided, along with the rest of the septic manifestations, in less than 48 hours. The chronological correlation suffices for me. I am convinced it was a fungal infection.",false causality
"Aaron Rodgers says you should get State Farm Insurance on your home, car, motorcycle, or trailer!",fallacy of credibility
"The museum's new gemstones and precious minerals exhibit needs more security guards. If you don't agree, then you must be planning to steal a piece of the exhibit.",false dilemma
"""That's why, under my plan, individuals will be required to carry basic health insurance -- just as most states require you to carry auto insurance. Likewise, businesses will be required to either offer their workers health care, or chip in to help cover the cost of their workers."" President Obama on Universal Health Coverage (some feel that health insurance and car insurance are different on many fundamental aspects, and this is a bad comparison)",fallacy of logic
"Doctors refer to medical books all the time when they are treating patients. In the same way, I should be allowed to use a text book in my medical exam.",fallacy of logic
"Mining may destroy the environment, but how about the people whose jobs will be affected? Should we ban it?",fallacy of relevance
"That lady had a rough day today. She woke up late, she was not able to eat breakfast, she missed the train and was late for work. My heart aches for this poor lady.",appeal to emotion
"Besides charities, comfort, community cohesion, rehabilitation, and helping children learn values, religion poisons everything.",faulty generalization
What is The Texas Sharpshooter?,intentional
"In Act 1, Juror Seven says, ""There are still eleven of us who think he's guilty. You're alone."" His attempt to use numbers to persuade Eight is:",ad populum
Happy families make happy children.,faulty generalization
"""We will teach this miserable traitor(Snowball) that he cannot undo our work so easily.""",ad hominem
"Hillary Clinton wants to take your guns away, and she wants to abolish the Second Amendment.",false dilemma
One day robots will enslave us all. It's true. My computer science teacher says so.,fallacy of credibility
"In this election, we've seen the highest voter turnout ever recorded. If you have any doubts about Tyler Espinoza's qualifications, just look at how many people have come out to vote for him.",ad populum
Won't you give the abandoned puppy a home?,appeal to emotion
"Asians make lousy athletes, but do well at the Math Olympiad.",faulty generalization
A woman decides to visit a certain doctor after only asking advice on the best doctors from ONE friend.,intentional
Being overweight leads to a shortened lifespan because it's unhealthy.,circular reasoning
"""Who are you to ask fast food restaurants to give us nutritional facts? I saw you eat Taco Bell last night!""",ad hominem
"""The BP Oil rig exploded causing many marine mammals to die."" This illustrates that the BP oil rig was bad and caused animals to die.",circular reasoning
"“Animal experimentation reduces our respect for life. If we don’t respect life, we are likely to be more and more tolerant of violent acts like war and murder. Soon our society will become a battlefield in which everyone constantly fears for their lives. It will be the end of civilization. To prevent this terrible consequence, we should make animal experimentation illegal right now.”",faulty generalization
"Witchcraft remains our most urgent spiritual problem because it threatens
our very souls.",circular reasoning
"The number of pirates in existence decreased as the global average temperature rose. Therefore, we can conclude that hotter weather reduces piracy.",circular reasoning
A real video game would include set goals!,intentional
"“I know the exam is graded based on performance, but you should give me an A. My cat has been sick, my car broke down, and I’ve had a cold, so it was really hard for me to study!”",appeal to emotion
"Which fallacy am I? Combining facts and evidence with words that stir up emotion, with the attempt to manipulate others into accepting the truth of the argument.",appeal to emotion
"You support capital punishment just because you want an “eye for an eye,” but I have several good reasons to believe that capital punishment is fundamentally wrong…",fallacy of extension
"My political candidate gives 10% of his income to the needy, goes to church every Sunday, and volunteers one day a week at a homeless shelter. Therefore, he is honest and morally straight.
Explanation: What information was left out of the example is that this same candidate gives 10% of his income to needy prostitutes in exchange for services, goes to the bar every Sunday after church (and sometimes before), and only works at the homeless shelter to get clients for his drug dealing business.",intentional
"I’m know Joe Bob’s my boss, but I’m not going to take orders from someone who can’t even dress professionally for work.",ad hominem
"A year is 365 days long, so I celebrate my birthday every 365 days.",faulty generalization
Jim spends most of his spare time hiking and picking up rocks for his collection. He really should go to college and study to become a geologist.,fallacy of logic
"""Politician X is going to strip away your right to free speech!""",appeal to emotion
"Since your parents named you ‘Harvest,’ they must be farmers.",false causality
Over 5 million Filipinos use our products. It’s time to switch to our brand now!,ad populum
"Mr. Governor issues a proclamation for the people of his state to pray for rain.  Several months later, it rains.  Praise the gods!",false causality
"Jamila is running for class president. In her campaign speech she says, ""Xavier does not deserve to win. He is a smoker and He cheated on his reading quizzes last year."" What fallacy has Jamila committed?",ad hominem
"But you have to let me go to the party! If I don't go to the party, I'll be a loser with no friends. Next thing you know, I'll end up alone and jobless, living in your basement when I'm 30!",faulty generalization
Reduce complicated issues to only two possible courses of action.,false dilemma
"Water fluoridation affects the brain. Citywide, student’s test scores began to drop five months after fluoridation began.",false causality
"Speaker 1: I think we should lower the age of sexual consent to 16.
Speaker 2: 16 year olds are children. So, you think it’s OK for children to have sex? No, we shouldn’t lower the age of consent.",fallacy of extension
Word processed papers are clearer and more error-free than typed papers  because they make use of new technology.,fallacy of credibility
There is a global recession and more people are becoming hungry and desperate. Crimes of theft and robbery have been increasing at an alarming rate lately. The only way to solve this problem is by reinstating the death penalty,fallacy of relevance
"A logical fallacy that compares minor misdeeds with major atrocities, suggesting that both are equally immoral.",fallacy of relevance
"""If you don't cancel your cable, then..., then...., and you'll wake up in a ditch."" This is an example of...",faulty generalization
"You should always eat everything on your plate, think of all the children in Africa who doesn’t always have enough food.",appeal to emotion
All robin have red breasts,faulty generalization
"""Animal experimentation reduces our respect for life. If we don't respect life, we are likely to be more and more tolerant of violent acts like war and murder. Soon our society will become a battlefield in which everyone constantly fears for their lives. It will be the end of civilization. To prevent this terrible consequence, we should make animal experimentation illegal right now.""",faulty generalization
Check out the pretty lights.  Don’t look behind the curtain.,fallacy of relevance
"When Donald Trump called Hillary Clinton “Killary” to discredit her and her reputation as a presidential candidate, he committed which logical fallacy?",ad hominem
We know God exists because he made everything,circular reasoning
"The noble forefathers who created this great country did not fail; it is a great country now as it was then, by their very making.",ad hominem
"After surgery, my wife was not doing too well -- she was in a lot of pain.  I bought these magnetic wristbands that align with the body's natural vibrations to reduce the pain, and sure enough, a few days later the pain subsided!  Thank you magic wristbands!",false causality
"Before I refute my opponent's argument, I would like to draw attention to the fact that he is sweating and clearly does not have much experience on the debate team.",ad hominem
"“Caldwell Hall is in bad shape. Either we tear it down and put up a new building, or we continue to risk students’ safety. Obviously we shouldn’t risk anyone’s safety, so we must tear the building down.”",false dilemma
"Some of you have objected to the ethics of my clinic's buying those new test batteries. You claim that the new tests are unreliable, have no published norms, have never demonstrated validity, cannot be used by clients who are physically disabled, have been condemned as bogus by every major scientific organization, and were developed and sold by my brother-in-law, who unfortunately cannot be with us today due to a misunderstanding with his overly controlling and rigidly judgmental parole officer. What you have apparently failed to appreciate, however, is that these new tests are much easier to learn, can be administered and scored in a fraction of the time required by the old tests, and were so inexpensive compared to the old tests that I'll be able to give you each a bonus at the end of the month.",fallacy of relevance
"After Sally presents an eloquent and compelling case for a more equitable taxation system, Sam asks the audience whether we should believe anything from a woman who isn't married, was once arrested, and smells a bit weird.",ad hominem
"My family is this school's biggest donor so, you better think about that bad grade you gave me on my test.",appeal to emotion
"More and more people are buying sports utility vehicles. It is time you bought one, too!",ad populum
"Billy - ""An apple is a vegetable."" Bobby - ""Don't listen to Billy; he failed Spanish class last year. """,ad hominem
employs analogies between things that are not really alike,fallacy of logic
Which fallacy is used to attack a person's character,ad hominem
"""Since 88% of people polled believe in UFOs, they must exist.”",ad populum
"Bernice: Do you support Black Lives Matter?
Mildred: Of course, I do!
Bernice: Then you should support me looting that store.
Mildred: Wait... what?
",equivocation
"Since Anna Camacho became vice president of the parent-teacher association, student performance has declined and teacher morale is down. We on the school board believe that Camacho bears sole responsibility for the downtrend.",false causality
"Andy states that a Scotsman would never put sugar on his porridge. Dougal replies that he is a Scotsman and he does put sugar on his porridge. Andy counters that no true Scotsman puts sugar on his porridge.

Andy thus changes the terms of the argument, implying that Dougal is not a ""true"" Scotsman in order to support his own position.",intentional
"""I am not unmindful that some of you have come here out of great trials and tribulations. Some of you have come fresh from narrow jail cells. And some of you have come from areas where your quest -- quest for freedom left you battered by the storms of persecution and staggered by the winds of police brutality. You have been the veterans of creative suffering. Continue to work with the faith that unearned suffering is redemptive. Go back to Mississippi, go back to Alabama, go back to South Carolina, go back to Georgia, go back to Louisiana, go back to the slums and ghettos of our northern cities, knowing that somehow this situation can and will be changed.""  Which appeal is the primary appeal used in this quote?",appeal to emotion
The candidate for mayor was a really bad baseball player in college! Don't vote for him!,ad hominem
When someone says that what is true of something as a whole must also be true of each of its parts.,faulty generalization
"Jeannette has an upcoming exam in anatomy and physiology. It will cover the four chapters read and discussed over the last month. Jeannette hasn’t studied. Though there are well over 200 terms she will be expected to remember, Jeannette knows that her memory is great. She will remember the terms just from having heard them mentioned in class. After all, because of her excellent memory, she got through high school without studying. Despite her faith in her memory, her lack of studying results in an F on the exam.",appeal to emotion
Ignore any scientific ideas from anyone who didn’t get a Ph.D.,fallacy of credibility
Don’t waste your money on a home security system; master thieves will still be able to get into your house.,false dilemma
"If we can send a woman into outerspace and communicate with them while they are there, then surely we can learn to communicate with one another in our state.",fallacy of logic
"We admit that this measure is popular, but we also urge you to recognize that there are so many other bond issues on this ballot it is getting ridiculous.",fallacy of relevance
"""If you buy a computer, you will become smarter.""",fallacy of logic
It is ridiculous to have spent thousands of dollars to rescue those two whales trapped in the Arctic ice. Why look at all the people trapped in jobs they don’t like.,fallacy of relevance
A persuasive technique used in media messages that appeals to the “everyone is doing it” mentality,ad populum
"Fish are the easiest pets to keep; they are inexpensive and require no maintenance at all. Plus, they are really pretty and soothing to watch.",intentional
"Charlie: I think we should put more money into schools. Quality public education is so important.
Bob: So you're saying we should cut military spending and spend it instead on more spiral notebooks and crayons? I guess you want our country to be a weak, defenseless target for terrorists.",fallacy of extension
"Fred, do you still cheat on your girlfriend?",intentional
"Kirk drew a picture of a fish and a human and with effusive disdain asked Richard if he really thought we were stupid enough to believe that a fish somehow turned into a human through just, like, random things happening over time.",intentional
"Professor, please, PLEASE reconsider my grade on the Final! I know I only answered 7% of the questions correctly, but I didn’t really deserve an F! In the past week I sprained my ankle, my dog ran away, and my kitchen caught on fire! I think it’s only fair I get a chance to retake the test!",appeal to emotion
"""If you don't buy the warranty for your chromebook, you could find yourself without one for the rest of the schoolyear and having to pay thousands of dollars in expensive repairs"" IS an example of this fallacy.",appeal to emotion
"""Who is Sam Brownbeck, and why is he saying all those terrible things about rock lyrics? On Nov. 6, Brownbeck, an ambitious Kansas Republican ... convened a hearing billed as ""An Example of Violent Music Lyrics on Youth Behavior and Well Being ..."" Brownbeck's subcommittee, which supervises schools and streets in D.C., has much more important work to do, but the senator, who will run again in 1998, is clearly searching for an issue to give him national prominence.""",ad hominem
I believe in God because no one can prove that a god doesn't exist.,intentional
"Student: Logical Fallacies have nothing to do with my life and I don’t want to learn them!
Teacher: You are too young to understand why it’s important!
Estudiante: ¡Las falacias lógicas no tienen nada que ver con mi vida y no quiero aprenderlas!
Maestro: Eres demasiado joven para entender por qué es importanto!",ad hominem
"Person 1: I think pollution from humans contributes to climate change.

Person 2: So, you think humans are directly responsible for extreme weather, like hurricanes, and have caused the droughts in the southwestern U.S.?",fallacy of extension
"I was just on the phone with a Southerner, and I could barely keep up! All Southerners talk fast.",faulty generalization
"According to Freud, your belief in God stems from your need for a strong father figure. So don’t you see that it’s silly to continue believing in God?",ad hominem
"Adultery, as well as philandering, is wrong.
Therefore, we have no biological tendency for multiple sex partners.",fallacy of relevance
"I don't believe in God. One reason is that I think he is evil. And by the way, there is no such thing as ""evil;"" it is just our evaluation of what we believe is wrong.",fallacy of logic
"""Vote for Smith or live through four more years of higher taxes.""",false dilemma
A little boy says that his friends should not go swimming in a river because his Mama said there were germs in the river.,fallacy of credibility
People who don't like K-pop are racist.,ad hominem
"""I can't understand how such a low performance student is able to talk about politics"" is an example of",ad hominem
"If we don't control Covid-19, it could lead to millions of deaths. Wouldn't it make you sad to live in a country where that had happened?",appeal to emotion
"Medical expenses for the elderly continue to rise. If you don't buy long-term health insurance now, you probably won't be able to qualify once you're older. Sure, the insurance policy is a little expensive, but it's worth spending the money today so you don't go bankrupt in the future, becoming a burden to your family.",appeal to emotion
"Gertrude: I am tired of having to fill out these forms all day. Can't we find a more efficient system?

Cindy-Lou: If you're not happy with the way we do things, we can find someone who is!",ad hominem
"“Oh, please. What would you know about labor laws? You don’t even have a job.”",ad hominem
"If indoor smoking laws are passed for bars, the bars will go out of business since people who drink, smoke while they drink.",faulty generalization
"Duke University has the best basketball player in the NCAA, therefore they will win the tournament this year.",faulty generalization
"How do you expect me to support a school voucher program? Soon, all of our inner-city schools will have no money left, our children will give up hope, and the entire education system will collapse. No, there's no way I could support a program that will do all that.",fallacy of extension
You have a friend who claims that cats like to go to windows and watch sunsets because that is what her cats does. What fallacy has she committed?,faulty generalization
"The Soviet Union collapsed after taking up atheism. Therefore, we must avoid atheism for the same reasons.",false causality
"""Your honor, I believe that we won this case. Look at the opposite camp; they were late for today's hearing!""",fallacy of relevance
"I had this book that proved that leprechauns are real and have been empirically verified by scientists, but I lost it.  I forgot the name of it as well -- and who the author was.",equivocation
"""All Muslims are terrorists"" is an example of",faulty generalization
Love America or leave it.,false dilemma
"The reason the firmament, a tent-like structure that kept the “waters above” from flooding the earth as described in the Bible, is no longer there today, is because it was destroyed during Noah’s flood.
",circular reasoning
"The new iPhone comes out this weekend! If you don't get it, you're not cool!",ad populum
"Free speech is good not just for the individual, but for all of society. After all, it's in the interest of the community that everyone should be at liberty to express his or her beliefs.",circular reasoning
"In an example used by Sigmund Freud in The Interpretation of Dreams, a man accused by his neighbor of having returned a kettle in a damaged condition offered three arguments:
That he had returned the kettle undamaged;
That it was already damaged when he borrowed it;
That he had never borrowed it in the first place.
",fallacy of logic
"A cloud is 90 percent water; a watermelon is 90 percent water. Therefore, since a plane can fly through a cloud, a plane can fly through a watermelon.",fallacy of logic
"People generally like to walk on the beach.  Beaches have sand.  Therefore, having sand floors in homes would be a great idea!",fallacy of logic
"“Andrea Dworkin has written several books arguing that pornography harms women. But Dworkin is just ugly and bitter, so why should we listen to her?”",ad hominem
You said that 'runs' occur to statistically independent phenomena such as roulette wheel spins.,ad populum
"When the new administration came on campus, test scores increased and attendance improved.",false causality
This is an example of,false dilemma
Doing something because everyone else is doing it,ad populum
"""Annie must like Starbucks because all white girls like Starbucks.""",faulty generalization
"""My uncle eats pizza and cake and he is thin. Pizza and cake aren’t the cause of obesity. "" is an example of",faulty generalization
"The last Democrat winner of the New Hampshire primary won the general election. This year, the winner of the New Hampshire primary will win the general election.",faulty generalization
"“Everyone else is doing it, so should you”.",ad populum
"I am going to bed or watching TV.  I am exhausted, so I will go to bed; therefore, I cannot watch TV.",fallacy of logic
"If you don't start recycling now, our entire planet will be destroyed in ten years.",appeal to emotion
"Since Samantha got that new apron, she hasn't burned any cookies. That new apron sure does help her cooking!",false causality
"The city should not be singling out our company's problems at our chemical storage facilities, when the EPA records indicate the city's very own landfill has been cited as needing improvements. The council needs to clean up its own mess, before they go after us.",fallacy of relevance
"Anthony and Marie have a heated argument. During their fight, Anthony tells Marie that he hates her and wished that she would get hit by a bus. Later that evening, Anthony receives a call from a friend who tells him that Marie is in the hospital because she was struck by a bus. Anthony immediately blames himself and reasons that if he hadn't made that comment during their fight, Marie would not have been hit. What logical fallacy has Anthony committed?
http://www.funtrivia.com",false causality
Girls should not be allowed . to try out as kickers for school football teams because girls are not very athletic.,faulty generalization
"“Eating five candy bars and drinking two sodas before a test helps me get better grades. I did that and got an A on my last test in history.”
What fallacy is this an example of?",false causality
"""If we don't adopt that puppy today, they might put him down. Do you want to be responsible for that?"" Exclaimed Yasir.",appeal to emotion
"Your mom thinks you spend too much time playing video games. You bring up that
she spends too much time shopping.",fallacy of relevance
"Hundreds of thousands of animals are being tortured and killed every year, and for what? So that we can modernize our beauty products and overstock our grocery stores?",appeal to emotion
"One pill is good, two will be better",appeal to emotion
"World-renowned physicist Dr. Patricia Mitchell assures me that exposure to natural sunlight, even exposure resulting in mild sunburn, is still significantly less of a cancer risk than brief exposure to the artificial light in a tanning bed. So I make sure to tell all of my friends that if they’re looking to get a tan this summer they should do it outdoors, and not at the tanning salon!",fallacy of credibility
"""Every time my sister uses hairspray, it is an extremely hot day"" is an example of",false causality
Studies show it takes up to seven years for the human body to digest a piece of gum.,fallacy of credibility
I sneezed at the same time the power went off. My sneeze did something to make the power go off.,false causality
"I guess I should buy my 12-year-old daughter an iPhone. Everyone at her new school has one, and I want her to fit in with the other kids.",ad populum
"Each brick in that building weighs less than a pound.  Therefore, the building weighs less than a pound.Example #2:
Hydrogen is not wet.  Oxygen is not wet.  Therefore, water (H2O) is not wet.",faulty generalization
Pre-AP kids are smart and creative.,faulty generalization
Layla is a liar! She should not be trusted to be president for student council!,ad hominem
"“Richard Dawkins, an evolutionary biologist and perhaps the foremost expert in the field, says that evolution is true. Therefore, I believe it's true.”",fallacy of credibility
Using a double standard or arguing for an unjustified exception.,intentional
"In the space of a couple of days, Alastair Campbell has managed to turn an argument about the way the government presented its case for war in Iraq into an entirely different dispute about the way the BBC covered what was going on in Whitehall at the time.",fallacy of relevance
"Our country is certainly in terrible shape.  Sure, we still have all kinds of freedoms, cultural diversity, emergency rooms and trauma care, agencies like the FDA out to protect us, the entertainment industry, a free market, national parks, we are considered the most powerful nation in the world, have amazing opportunities, and free public education, but still...",faulty generalization
"Charlie: I think we should put more money into schools. Quality public education is so important.

Bob: So you’re saying we should cut military spending and spend it instead on more spiral notebooks and crayons? I guess you want our country to be a weak, defenseless target for terrorists.",fallacy of extension
"""Every 0.008 seconds in the United States, a teen accidentally shatters his/her phone screen. You can help put an end to these devastating tragedies: donate now to my Kickstarter fund, the new Bubble-wrap Phone Case X.""",appeal to emotion
Compares minor problems with much more serious crimes,fallacy of relevance
"Fred, the Australian, stole my wallet. Thus, all Australians are thieves.",faulty generalization
The news is fake because so much of the news is fake.,circular reasoning
"I ask all employees to vote for my chosen candidate in the upcoming elections. If the other candidate wins, he will raise taxes and many of you will lose your jobs.",appeal to emotion
"We haven’t proven aliens didn’t create life on earth, so aliens created life on earth.",intentional
"I believe that when we die, we will spend eternity reading books and learning more about writing composition. I am so comforted by this belief!",appeal to emotion
I met a rude person from France yesterday. I guess all French people are rude.,faulty generalization
There is no intervention for victims of domestic violence that has more empirical support from controlled studies than this one. It is clear that this is the right way to address this problem and we should all be providing this therapy whenever victims of domestic violence come to us for help.,fallacy of credibility
"""You are either with me or against me!"" is an example of which fallacy?",false dilemma
"“We should abolish the death penalty. Many respected people, such as actor Guy Handsome, have publicly stated their opposition to it.”",fallacy of credibility
", rather than on his arguments or opinions.",ad hominem
"Saying things like ""ALL teenagers are irresponsible"" would be an example of which type of fallacy?",faulty generalization
"We know God exists because we can see the perfect order of His Creation, an order which demonstrates supernatural intelligence in its design.",circular reasoning
"I broke a mirror earlier in the day, and then I received an F on my history final. Therefore, I received the F because I broke the mirror.",false causality
"during the presidential campaign of 1800, John Adams was called 'a fool, a gross hypocrite and an unprincipled oppressor.' His rival, Thomas Jefferson, on the other hand, was deemed 'an uncivilized atheist, anti-American, a tool for the godless French.'",ad hominem
"Lolita: Since about half the people in the world are female, the chances of the next person to walk out that door being female is about 50/50.
Celina: Do you realize that is the door to Dr. Vulvastein, the gynecologist?",false causality
You can't be my partner in class because you didn't donate to the Hurricane Sandy fundraiser.,ad hominem
"I saw Ashton Kutcher in a prescription drug commercial, therefore it has to be an effective drug.",fallacy of credibility
"""Everytime I wash my car it rains, therefore, washing my car makes it rain.""",false causality
Eat lamb--could thousands of coyotes be wrong?,ad populum
"""J.K Rowling is a wonderful writer because she writes so well"" is an example of what?",circular reasoning
"to define a person based on faulty opinions derived by judgments made about a group, a class, or race of people",faulty generalization
That's what you'd expect someone like him/her to say,ad hominem
The numbers on gun violence speak for themselves. We should ban guns in the country!,faulty generalization
"One of our clients doubled their conversions after changing all their landing page text to bright red. Therefore, changing all text to red is a proven way to double conversions.",faulty generalization
"After Jhon said that we should put more money into health and education, Warren responded by saying that he was surprised that Jhon hates our country so much that he wants to leave it defenseless by cutting military spending.",fallacy of extension
"I have a red car. My car was in a wreck. Therefore, all red cars get wrecked.",faulty generalization
"Billy - ""An apple is a vegetable.""  Bobby - ""Don't listen to Billy; he failed Spanish class last year. """,ad hominem
"You should never gamble! Once you start gambling you find it hard to stop. Soon you will spend all your money on gambling, and eventually you will turn to crime just to support your gambling addiction.",faulty generalization
"Speaker 1: We should have single payer, government funded health care. That would be the best solution to the health care crisis in our country.
Speaker 2: You voted for Bernie Sanders. You’re probably a communist.",ad hominem
"Cell phones, high-tech devices that cause severe distractions and cyberbullying should be banned in schools.",circular reasoning
"All hotdogs are fast food.
No hamburgers are hotdogs.
Therefore, no hamburgers are fast food.",fallacy of logic
Americans should give money to charity because it is the right thing to do.,circular reasoning
The speaker/author chooses a deliberately (on purpose) bad or oversimplified example in order to ridicule (make fun of) or refute (prove wrong) an idea,fallacy of extension
You know Jane Fonda’s exercise video’s must be worth the money. Look at the great shape she’s in.,false causality
Families communicate less and less in the past forty years since feminism became mainstream. Feminism is to blame for this deterioration in the family.,false causality
"If you choose not to administer triple antibiotic coverage for this patient with severe and extensive burns, you will be held responsible for any infectious complications that might eventually arise.",appeal to emotion
"Many homosexuals have AIDS. Therefore, homosexuality causes AIDS.",false causality
Jimmy isn’t at school today. He must be on a family trip.,false causality
"Some students who attend tutoring over the summer are not very intelligent. Since Beth attended summer tutoring, she is not a very good student.",faulty generalization
"The statement ""you are not really an American if you are vegetarian"" is an example of which fallacy?",intentional
"""I know I made a bad decision, but look at how hard I tried.""
This helps manipulators to avoid taking responsibility for their actions.",appeal to emotion
Best Buy is the best electronics store because people line up outside of it on Black Friday.,ad populum
All four year olds talk too much.,faulty generalization
"Pamela never lies. She told me herself, so it must be true.",circular reasoning
"Sure, we haven't given raises in over five years to our employees, but we work really hard to make a good product. We try to ensure the best customer service, too.",fallacy of relevance
Senator Li announced today that she plans to cut funding to early childhood education programs. The last thing we need is a government official who hates children!,fallacy of extension
Either we ban teenagers from possessing cell phones or we continue to let thousands of young students fail their classes.,false dilemma
You either support Hillary Clinton for President or you don't believe in women's rights,false dilemma
Why did the blonde cross the road?  Because she saw a shoe sale!,faulty generalization
The President said he will not allow disrespectful dissent.,circular reasoning
"We cannot listen to John’s opinion on global warming because he is a tree hugger.
No podemos escuchar la opinión de John sobre el calentamiento global porque es un abrazador de árboles.",ad hominem
"""You're not feeling well because you use your phone so much.""",false causality
"As a police officer who has worked for the city for 15 years, I have been a witness to distracted drivers and something needs to be done.",fallacy of credibility
Never be kind and generous to the poor. They’ll come to expect your help always and never learn to contribute to society.,faulty generalization
Fred the Australian stole my wallet. All Australians are thieves!,faulty generalization
(Are the things being compared even similar? Does that prove anything?),fallacy of logic
"""If you don't believe in God, you'll go to hell!"" is an example of:",appeal to emotion
"Jeff is preparing to create a commercial for a new energy drink. He visits a local high school and surveys students in an English class about their beverage preferences. The majority of the class says they prefer grape flavored drinks, so Jeff tells his superiors that grape is the flavor favored most by high school students. What error in reasoning has Jeff made?http://www.funtrivia.com",faulty generalization
"If the ozone layer is destroyed, many people will get cancer and suffer from other illnesses.  The ozone layer is being protected, not destroyed.  So, many people will be spared the pain of cancer and other illnesses.",fallacy of logic
"Look, you are going to have to make up your mind. Either you decide that you can afford this stereo, or you decide you are going to do without music for a while.",false dilemma
Caroline says that she is going to have lunch with the new girl. Jenna says that she can't believe that Caroline is ditching her old friends for the new girl.,fallacy of extension
"If you don't pay taxes, you don't deserve the right to vote.",false dilemma
"We don't know for sure that phones lower students' success levels, so there's no need to ban them.",intentional
SM 10: Local talk show host saying we are on the verge of a nuclear war leading to sitting in a basement for months.,fallacy of credibility
Killing thousands of people as a result of drug war campaign is not a crime to humanity because millions of Filipino support it.,ad populum
"""I see no reason to listen to Smith. Anything he says will be influenced by his interest in civil rights. His statements are bound to be distorted and unreliable.""

What logical fallacy is used in the statement above?",ad hominem
"""Chick-Fil-A is the greatest food chain in existence. Look at the crowds!""",ad populum
You've got to donate to the hockey team. They are helping build schools in Uganda. Imagine all of those poor and hungry kids there.,appeal to emotion
"""If you believe that I am wrong, prove to me that I am.""",intentional
This movie was #1 at the box office last weekend! That means it must be really good!,ad populum
"Marty: Doc, I'm from the future. I came here in a time machine that you invented. Now, I need your help to get back to the year 1985.
Doc: I've had enough practical jokes for one evening. Good night, future boy!",intentional
I met a tall man who loved to eat cheese. Now I believe that all tall people like cheese.,faulty generalization
I am only slightly obese.  That is perfectly normal here in America.,intentional
"SuperCyberDate.con determined that Sally and Billy are a great match because they both like pizza, movies, junk food, Janet Jackson, and vote republican. What SuperCyberDate.con did not take into consideration were the 245 other likes and dislikes that were very different for both Sally and Billy—such as the fact that Billy is gay",intentional
"During the early 2000s, the search for a cause of autism led to vaccines, though no scientific link has been found between the administration of vaccines and the onset of autism. The time that children are vaccinated and the time they're diagnosed do closely correlate, however, leading upset parents to assign blame to the immunizations, for lack of a better explanation.",false causality
"Martin: All white people are not racists.
Charlie: Yes they are. You just believe that because you are white.
",ad hominem
aliens must have visited Earth,fallacy of logic
A recent study found that there are plenty of scientists who disagree with the consensus position on this phenomenon.,intentional
I have been accused of using an ad hominem approach in trying to defend my research. But those who attack me and my research are also using ad hominem. And they started it!,ad hominem
"X has been around for years now.
Y is new.
Therefore, Y is better than X.",fallacy of credibility
"My wife wants to talk about cleaning out the garage, so I asked her what she wants to do with our patio furniture. Now she's shopping for new patio furniture and not asking me about the garage.",fallacy of relevance
"Jordan: Dad, why do I have to spend my summer at Jesus camp?
Dad: Because if you don’t, you will spend your entire summer in your room with nothing but your Bible!
",appeal to emotion
"If I don't take this AP class, then I won't do well on the AP exam. If I don't do well on the AP exam, then I can't get into a good college. If I can't get into a good college, then I won't be able to get a good job. If I can't get a good job then I'll have to live in my parents' basement forever. Guess I'll sign up for the AP class.",faulty generalization
See the movie that everybody's talking about,ad populum
"""Don't make me angry; you won't like me when I'm angry.""",appeal to emotion
"""Men are human. Mary is a human. Therefore, Mary is a man.""",fallacy of logic
"Lebron James, one of the most decorated basketball players of all time, says you need to eat breakfast so you need to eat breakfast",fallacy of credibility
Shakira is the best singer in the world because she is the most talented singer there is.,circular reasoning
"You should never gamble. Once you start gambling you find it hard to stop. Soon you are spending all your money on gambling, and eventually you will turn to crime to support your earnings.",faulty generalization
"My opponent raises a good point, but can we really trust him? I mean, he moved to this town only two years ago and everyone knows that his wife left him.",ad hominem
"Dustin: ""Why do you always deflect the argument by insulting me?""
Ann: ""You're ugly and poor!""",ad hominem
claiming that an idea or belief is true simply because it is what most people believe,ad populum
"The mother of a young child tells him to go to bed, and he begins to ask questions, say that he is hungry, or say that he needs to go to the bathroom-all to avoid bed and distract mom.",fallacy of relevance
She's wearing red shoes. Her favorite color must be red.,fallacy of logic
"Tasha is studying polar and tropical climates on Earth. She learned the following:
• Tropical climates: Summer and winter temperatures are similar.
• Polar climates: Summer temperature is much higher than winter temperature.
Tasha wonders why the tropical climate has the same temperature year round, but the polar climate temperature differs greatly.
Which of these explains the reason for this difference?",false causality
The greatest thing that we can do is to love each other. Love is better than any other emotion.,circular reasoning
"Luke didn't want to eat his sheep's brains with chopped liver and brussel sprouts, but his father told him to think about the poor, starving children in a third world country who weren't fortunate enough to have any food at all.",appeal to emotion
"Person 1:
""I am for raising the minimum wage in our state.""

Person 2:
""She is for raising the minimum wage, but she is not smart enough to even run a business.""",ad hominem
"An advertisement asking people to give to St. Jude Research Center to help children struggling with cancer. You wouldn't want to let these children die, right?",appeal to emotion
"My neighbor's cat attacked me, therefore all cats are evil.",faulty generalization
We should abolish the death penalty. Even Taylor Swift is opposed to it.,fallacy of credibility
"A warm beer is better than a cold beer. After all, nothing is better than a cold beer, and a warm beer is better than nothing.",equivocation
"""I failed my AP vocab test so clearly I'm going to fail the class. Then I won't get into college and will never get a job. I will have to live in my parents' basement for the rest of my life. My life is ruined"" is an example of",faulty generalization
"The Department of Transportation needs to reconsider the speed limit proposals on interstate highways for the simple reason that if they do not, their departmental budget for the Department of Transportation will be cut by 25%.",appeal to emotion
"My dad went to school, so he knows everything about the education system.",fallacy of credibility
"If you allow one student to take an online course, soon
everyone will want to, and the schools will be empty.
Si permite que un estudiante tome un curso en línea, pronto todos querrán, y las escuelas estarán vacías.",faulty generalization
Janice just lost her goldfish and so asks you to give her the benefit of the doubt. What fallacy has she committed?,appeal to emotion
My opponent in the election keeps claiming that he wants to give tax credits to poor people. That means that he wants to raise taxes for the middle class.,fallacy of extension
"The Church used to claim that giving 10% of your income to the Church will free a child’s soul from Limbo into Heaven, so clearly giving money to the Church is a scam!",false causality
"""'What about Red Herring, ma'am?''

""'I'm not sure. Is Red Herring a red herring? Or is it the fact that we're meant to think Red Herring is a red herring that is actually the red herring?'

""'Or perhaps the fact you're meant to think Red Herring isn't a red herring is what makes Red Herring a red herring after all.'

""'We're talking serious metaherrings here.'"" ",fallacy of relevance
Because doctors smoke it must be a healthy choice.,fallacy of credibility
"""You should run right out and purchase the newest iPhone 22 because you will literally be the only one who doesn't own one!"" This is an example of what type of persuasive technique?",ad populum
"Everyone who gets a college degree is better off.  All people who are better off as a result of getting a degree are good to have conversations with.  Therefore, everyone who gets a college degree is a good person to have a conversation with.",faulty generalization
Don't be the only one not wearing Nike!,ad populum
My car broke down yesterday. Cars are worthless.,faulty generalization
"Because Martin Sheen played the president on television, he'd probably make a great president in real life.",fallacy of credibility
"Southerners talk fast. I was just on the phone with one, and I could barely keep up!",faulty generalization
"IBM is a reputable organization, so all of its employees must be reputable.",faulty generalization
"""The two courses I took at UF were not very interesting. I don't think its a good university.""",faulty generalization
"It was a rainy day in Harvard Square, so the foot traffic through the atrium from Mass Ave to Mount Auburn Street was heavier than it might have been if the sun were out. A lot of people were carrying umbrellas, which most of them furled inside. I had always thought that Cambridge, in the vicinity of Harvard, might have had the most umbrellas per capita of any place in the world. People used them when it snowed. In my childhood, in Laramie, Wyoming, we used to think people who carried umbrellas were sissies.",faulty generalization
"“[Everyone else is buying it, so you should too!]”",ad populum
"If you allow the students to redo this test, they are going to want to redo every assignment for the rest of the year.",faulty generalization
"A major wrong has been committed by the local government and several people go to protest it, waving signs and blocking traffic. “Both sides are just as bad,” rants your uncle. What fallacy has he committed?",faulty generalization
"If this client is competent to stand trial, she will certainly know the answers to at least 80% of the questions on this standardized test. She knows the answers to 87% of the test questions. Therefore she is competent to stand trial.",fallacy of logic
"Regime vs. government
Pro-death vs. pro-choice",appeal to emotion
"""All students everywhere should use clear backpacks because bad things happen at schools where students don't use clear backpacks.""",fallacy of extension
"I drank bottled water and now I am sick, so the water must have made me sick.",false causality
Six million read a paper—must be excellent,ad populum
"Mother: You should stop smoking. It's harmful to your health.
Daughter: Why should I listen to you? You started smoking when you were 16!",ad hominem
"I’m not a doctor, but I play a doctor on TV, and I wouldn’t dream of using anything but Tylenol for my toughest headaches. ",fallacy of credibility
I shouldn’t be punished for staying out past my curfew because I did the dishes earlier today.,fallacy of relevance
"The time that children are vaccinated and the time they're diagnosed do closely correlate, however, leading upset parents to assign blame to the immunizations, for lack of a better explanation. ",false causality
"Hybrid cars are like solar power, full of promise but too expensive. We’ll never be able to build affordable hybrid cars.",fallacy of logic
"All living beings come from other living beings.  Therefore, the first forms of life must have come from a living being.  That living being is God.",equivocation
A commercial shows images of animals in need to persuade the audience to make donations.,appeal to emotion
"""Guys are messy and unclean, but are really hard workers."" is an example of ...",faulty generalization
I've never knowingly listened to a Neil Young record all the way through because they all sound like someone strangling a cat (don't they?).,faulty generalization
"I view any discussion concerning the limiting of therapy as morally wrong, that is why I do not accept it.",circular reasoning
“four out of five dentists agree that brushing your teeth makes your life meaningful”,fallacy of credibility
"He has my vote for senator, because he has the best shirts.

What logic fallacy does this represent?",fallacy of logic
"""Terrorists must not be given the chance to invade our beloved country.""",ad populum
"""If you don't bring a pencil to class... you will end up sad and alone in life.""",faulty generalization
"Michael Jordan wears Hanes underwear, so you should too!",fallacy of credibility
I know in my heart of hearts that our home team will win the World Series.,appeal to emotion
"TOPIC: Should people let their cats go outside?
DEBATE: ""People should let their cats go outside. Going outside gives cats more exercise.""
""But if you let cats go outside, then they'll hunt all the birds in the neighborhood. If you let them hunt all the birds, then robins will go extinct.""",faulty generalization
“You could either pursue your dream job or stay where you are and be miserable for the rest of your life.”,false dilemma
"The phrase ""Ninety percent of all people surveyed said that McDonalds is better than Burger King, so we can confidently say we are the best."" represents which fallacy?",ad populum
"Subscribe to our streaming services, or get stuck with cable!",false dilemma
"If you eat that cookie tonight, you'll eat ten tomorrow, and by this time next year, you'll be eating 1 million cookies a day.",faulty generalization
"Calling Senator Warren ""Pocahontas,"" instead of debating her ideas on cancelling student loan debt is an example of:",ad hominem
"Colin Closet asserts that if we allow same-sex couples to marry, then the next thing we know we'll be allowing people to marry their parents, their cars and even monkeys.",faulty generalization
Believing in the literal resurrection of Jesus is like believing in the literal existence of zombies.,fallacy of logic
AttP 9: everyone wearing new llama wool coats makes them warm,ad populum
"the reason why more people are leaving this country is because of economic problems, therefore because there is an economic problem is that people are leaving this country.",circular reasoning
"""Everyone loves going to the movies.""",faulty generalization
No one can deny that [my theoretical orientation] is the only valid theoretical orientation,circular reasoning
"Billy: How could the universe be 6000 years old when we know the speed of light, the distance of astronomical objects (13+ billion light years away), and the fact that the light has reached us[1]?
Marty: 6000 years is not a firm number.  The universe can be as old as about 10,000 years.
Billy: How do you figure that?...",fallacy of relevance
People who buy stocks are no different from people who bet on horse racing. They both risk their money with little chance of making a big profit.,fallacy of logic
My father told me that the sky is green. So it must be the truth.,fallacy of credibility
"You've got to teach the boys logic! If you don't teach them logic, they won't learn how to think! And they'll become hobos and die in prison! Don't you care about your sons? (Mother to Father)",false dilemma
"Charlie: Illegal posting and sharing of songs online is crippling the music industry.
Bob: You couldn't be more wrong; the music industry is doing just find. I can't believe you think the government should be allowed to regulate what I share with my ""friends."" No one wants a world where I can't loan a book to my girlfriend, let my roommate borrow my iPod, or share a funny meme with my blog followers.",fallacy of extension
"Speaker 1: I think we should have single payer, universal, health care.
Speaker 2: Communist countries tried that. We don’t want America to be a communist country. We shouldn’t have single payer health care.",fallacy of extension
"fallacy suggesting that because everyone believes something or does something, it must be valid, accurate, or effective.",ad populum
"Now you tell me she looks presidential, folks. I look presidential",ad hominem
"MARVIN STONE: You suggest that we scrap the SALT II treaty already negotiated, and intensify the build-up of American power to induce the Soviets to sign a new treaty - one more favorable to us. President Carter, on the other hand, says he will again try to convince a reluctant Congress to ratify the present treaty on the grounds it's the best we can hope to get. Now, both of you cannot be right. Will you tell us why you think you are?
RONALD REAGAN: Yes. I think I'm right because I believe that we must have a consistent foreign policy, a strong America, and a strong economy. And then, as we build up our national security, to restore our margin of safety, we at the same time try to restrain the Soviet build-up, which has been going forward at a rapid pace, and for quite some time.
October 28, 1980
Cleveland, Ohio
What logical fallacy did Reagan’s response illustrate the use of?",appeal to emotion
"Nicole identified that Hannah had committed a logical fallacy, but instead of addressing the substance of her claim, Hannah accused Nicole of committing a fallacy earlier on in the conversation.",ad hominem
"At soccer practice, Willeidy tells Aida, ""Pace's soccer team was losing until I bought new shoes. We have not lost a game since I got my lucky shoes!""",false causality
"""It is an outrage that the school wants to remove the vending machines. This is taking our freedom away!""",appeal to emotion
"Bill lives in a large building, so his apartment must be large.""",fallacy of logic
"Last year, the city of Brookfield allocated more money to public parks. This year, however, littering increased, so the increase in park funding must have been responsible.",false causality
"Every day, I eat cereal for breakfast. One time, I had a muffin instead, and there was a major earthquake in my city. I've eaten cereal ever since.",false causality
"George: Man, those girls are smokin' hot!
Derek: No, they're not. You're a victim of the cheerleader effect. When girls are together in a group, each girl looks a lot better than if you were to see her without the other girls.
",ad hominem
"Chihuahuas are good inside dogs. German Shepherds are dogs; therefore, German Shepherds would be good inside dogs, too.",faulty generalization
"Look, the only way to improve social programs is to raise taxes. You have to either raise taxes, or accept that the poor and needy are going to suffer.",false dilemma
"Three congressional representatives have had affairs. Therefore, members of Congress are adulterers.",faulty generalization
"Your honor, if we let Pinocchio get away with lying, what's next? Stealing? Murder? ...",faulty generalization
"Bob: that movie was a waste of time and money
Ted: what was wrong with it?
Bob: It sucked

This is an example of?",circular reasoning
"Joe eats horribly; therefore, his heart attack was caused by his eating habits.",false causality
"""I believe deeply that canceling the fashion show is the best decision. I know it is. I am very certain about it.""",fallacy of relevance
"'Our family has always been farmers, so we should always be farmers'' is an example of which logical fallacy?",fallacy of credibility
"""All elephants are big. Some boys are big. Therefore some boys are elephants.""",faulty generalization
"Helga: You should not be eating that... it has been scientifically proven that eating fat burgers are no good for your health.
Hugh: You eat fat burgers all the time so that can’t be true.
",ad hominem
Lahat nakamove-on na ikaw na lang hindi pa. #MarcosIsAHero,ad populum
We will not rest until we reach a day when not one single veteran falls into homelessness.,appeal to emotion
My mom says that most tourist from France are rude. She had to wait on one the other day and the lady threw her pancakes on the ground because they were not big enough.,faulty generalization
We have pure food and drug laws; why can't we have laws to keep moviemakers from giving us filth ?,fallacy of logic
Presenting an unqualified person or institution as a source of credible information.,fallacy of credibility
"If you are not with us, you are against us.",false dilemma
"In class, Ryan turns to Doug and says, ""Smoking cigarettes is nothing short of suicide: the smoker is willingly killing himself. Duh.""",fallacy of relevance
"Fred, the German, stole my wallet. Therefore, all Germans are thieves.",faulty generalization
"""You must obey the law, because it's illegal to break the law.""

What logical fallacy is used in the statement above?",circular reasoning
"My opponent raised a good point, but can we trust him? I mean he just moved to town only 5 months ago, how much could he really know?",ad hominem
"If the President arrives in Hawaii, and the next day a volcano erupts, believing that the volcano erupted because the President arrived on the island is an example of:",false causality
"I refuse to stay on the 13th floor of any hotel because it is bad luck.  However, I don’t mind staying on the same floor as long as we call it the 14th floor.",false causality
This makes you think you need to believe or buy something because everyone else is. Which technique is it?,ad populum
Either go to the party or spend the night in your room crying.,false dilemma
"""Sir, please let me take the exam. I was late because I need to cook our breakfast and wash the dishes.""",appeal to emotion
"U.S. Sen. Tom Coburn says that lesbianism is rampant in the Oklahoma schools. This must, indeed, be true, because surely the senator couldn't be mistaken about the schools in his own state.",fallacy of credibility
"All this time that you're telling me to improve, you're being lazy yourself.",ad hominem
"I believe one should never deliberately hurt another person, that’s why I can never be a surgeon.",faulty generalization
Either you text your friend or you don't have any fun at all.,false dilemma
"You ask your mother if you can go to the mall with your friends. She says ""no"". You ask why? She says, ""because I'm the mom and I say so"". This is an example of which logical fallacy?",fallacy of credibility
"The spider that bit was poison, therefore all spiders are poison.",faulty generalization
“Gay marriages are just immoral. 70% of Americans think so!”,ad populum
"""You can't give me a D because I'm an A student!""",circular reasoning
"dude #1: ""I support Black Lives Matter's mission to establish and put into better practice restorative justice...""

dude #2: But don't all lives matter?

dude #1: Of course, but I'm telling you about the mission of BLM.",fallacy of relevance
"I hope the art mural at 34th and Habersham will not be allowed. You open the gate for one, you open it for all and you'll have it all over the city. A person wanting to paint on buildings is nothing more than upscale graffiti. More than likely it will go too far.",faulty generalization
someone who is poor is more credible than someone who is rich?,fallacy of credibility
"“Feminists want to ban all pornography and punish everyone who looks at it! But such harsh measures are surely inappropriate, so the feminists are wrong: porn and its fans should be left in peace.”",fallacy of extension
"""I have a right to free speech so I can say what I want and you shouldn't try to stop me"" is an example of",circular reasoning
"Your sister broke her arm, and then you broke your nose. So you assume that a sibling breaking a bone causes you to break one too.",false causality
Putting teenagers in sex-education classes is like taking an alcoholic to a bar.,fallacy of logic
Companies that make huge profits must be exploiting their customers because the only way a company could make large profits is by taking advantage of their customers.,circular reasoning
"Evolution cannot be true. If it were true, we’d all be smelly apes.",appeal to emotion
"If you drive without car insurance, then you’re an accident waiting to happen.
Stay protected with Auto Union insurance.",false dilemma
"At a party you overhear a friend tell her spouse, “I had high blood pressure at the doctor’s office today; I really need to reduce the stress in my job.”",faulty generalization
"While in math class, the student next to you says “math makes no sense, it can’t be real so I must not need this.” What fallacy did this student commit?",intentional
"Atoms are colorless. Cats are made of atoms, so cats are colorless",faulty generalization
"Teachers claim that cell phones distract students, but they only say that because teachers have no lives.",ad hominem
"Look Tom, you could go to the police with your information about our questionable accounting practices here at Bentron. But remember, you have a family to feed. Besides you know how rumors of this kind of disloyalty can spread through the industry. You'll ever work as an accountant in this town again.",appeal to emotion
"Every person who has ever drunk water has died. Therefore, drinking water causes death.",false causality
Deliberately using a fake issue or argument against someone because it’s easier to prove wrong than the real issue would be,fallacy of extension
"I did not complete my homework last night? Well, you did not do yours last weak either.",ad hominem
"Either you love me, or you hate me.",false dilemma
"Although we have proven that the moon is not made of short ribs, we have not proven that its core cannot be filled with them; therefore, the moon’s core is filled with short ribs.",intentional
"Jack is a good athlete. Jack comes from Canada. Therefore, all Canadians are good athletes.",faulty generalization
a mad scientist builds a rocket to the sun but plans to embark at night to avoid being cremated.,fallacy of logic
You should fly an American flag off your front porch. It’s the patriotic thing to do.,ad populum
"Unfair judgement of people based on looks, belief, or ethnic background.",faulty generalization
If I make an exception for you then I'll have to make an exception for everyone,faulty generalization
"My new way of obtaining informed consent helps prevent dropouts. I chose the three therapists in our clinic who had the highest dropout rates and taught them my new informed consent procedure. The first month that they started using it, all three had significantly lower dropout rates.",false causality
"We, the people, are going to work together to achieve justice, unity, and integrity.",appeal to emotion
"Oh please, what do you know about labor laws? You don't even have a job.",ad hominem
"Tim: Boss, you heard my side of the story why I think Bill should be fired and not me.  Now, I am sure Bill is going to come to you with some pathetic attempt to weasel out of this lie that he has created.
",ad hominem
You can’t give me a C. I’ll lose my scholarship.,appeal to emotion
"My opponent is an untrustworthy liar and an idiot. Therefore, you should believe me.",ad hominem
"""In the business meeting, she proposed a new advertising plan for the dog food brand, but I found out she actually hates dogs. How can we trust her advertising skills?""",ad hominem
"I guess I should buy my 12 year old daughter an iPhone. Everyone at her school has one, and I want her to fit in with the other kids.",ad populum
"The book Investing for Dummies really helped me understand my finances better. The book Chess for Dummies was written by the same author, was published by the same press, and costs about the same amount, so it will probably help me understand my finances, too.",fallacy of logic
"""Right when I sneezed, the power went off. I must've caused the outage."" Bragged Zohaw.",false causality
We can have Sally as our soldier or we can have Brittany be the queen of the kingdom.,false dilemma
"If we legalize marijuana, then more people will try heroin",faulty generalization
"In her paper, Aida states ""Filthy, polluting hummers should be banned.""
Name that fallacy:",circular reasoning
The secretary claims that mining is doing more harm than good to the environment and to the people. The pro-mining politicians accused her of being anti-poor who values the life of a tree more than the life of miners whose only source of income is mining.,fallacy of extension
"Famous actors like Alex Gonzaga and Philip Salvador support Oplan Tokhang, so it must be an effective operation.",fallacy of credibility
AttP 8: everyone having strict controls on firearms except the U.S.,ad populum
"All stars are exploding balls of gas.
Miley Cyrus is a star.
Therefore, Miley Cyrus is an exploding ball of gas",equivocation
"Which fallacy literally means ""He did it himself?""",fallacy of credibility
"""Everytime I wash my car it rains; therefore, washing my car makes it rain.""",false causality
"Pamela says that she thinks that the class should do more service projects. Mark says he can't believe that Pamela doesn't support the annual school dance.
Pamela dice que ella piensa que la clase debería hacer más proyectos de servicio. Mark dice que no puede creer que Pamela no apoye el baile escolar anual",fallacy of extension
"Christina's shoes are superior, because they're made from one hundred percent snakeskin, not synthetic materials.",fallacy of credibility
"""Do the best for your baby""  is an example of ...",appeal to emotion
"When Squealer/Napoleon calls Snowball a 'traitor', and 'criminal'",ad hominem
Don't you want the best for your baby?,appeal to emotion
Fatima sneezed and she caused a tsunami in Tokyo.,false causality
You can either start using plastic straws or continue killing ocean life with plastic pollution.,false dilemma
the best money can buy…  (Don’t mention it’s expensive and often needs repair.),intentional
Mr. Casal is a bad teacher because he stinks.,ad hominem
"Jill and Jane have some concerns that the rules their sorority has set are racist in character. Since Jill is a decent person, she brings her concerns up in the next meeting. The president of the sorority assures her that there is nothing wrong with the rules, since the majority of the sisters like them. Jane accepts this ruling but Jill decides to leave the sorority.",ad populum
"""I had a bad teacher once; therefore, all teachers must be bad.""",faulty generalization
"Kevin's dog scratched his leg, and that night he had a fever. Kevin concluded that his dog must have infected him with something.",false causality
"There are more laws on the books than ever before, and more crimes are being committed than ever before. Therefore, to reduce crime, we must eliminate the laws.",false causality
"Men score better on math than women do. Jerry is a man. Therefore, Jerry is better at math than Sylvia, who is a woman.",faulty generalization
Misrepresenting someone’s argument to make it easier to attack,fallacy of extension
"""You know me - I've taught Sunday School at your church for years, babysat your children, and served as a playground director for many summers - so you know I can run your preschool.""?",fallacy of credibility
men don’t cry,faulty generalization
A real estate ad shows a happy family moving in to the home of their dreams.,appeal to emotion
"God did not create the world six thousand years ago because matter has always existed, and therefore the world has always existed.",circular reasoning
"It's common sense that if you smack your children, they will stop the bad behavior. So don't tell me not to hit my kids.",intentional
"BILL CLINTON: But when Joe McCarthy went around this country attacking people’s patriotism, he was wrong. He was wrong. And a senator from Connecticut stood up to him named Prescott Bush. Your father was right to stand up to Joe McCarthy, you were wrong to attack my patriotism. I was opposed to the war but I loved my country… Debate 1,
October 11, 1992
St. Louis, Missouri
What logical fallacy did Clinton’s statement employ?",ad hominem
"""Every time I go to sleep the sun goes down. Therefore, my sleeping causes the sun to set.""",false causality
If I don't get this 5 point assignment done then I will fall behind in my grade and will get backed up so I can't get my other assignment done. Then I will fail the class and turn to a life of crime.,faulty generalization
Presents only two choices when more options exist,false dilemma
"If we keep kids from enjoying recess, eventually they will never want to preserve nature.",faulty generalization
What’s the point of making drinking illegal under the age of 21?  Kids still manage to get alcohol.,intentional
"""Cars cause more deaths than firearms do, so if we ban firearms we should also ban cars.""",fallacy of logic
"""You will never be satisfied in life if you don’t seize this opportunity. Do you want to live the rest of your years yearning to know what would have happened if you just jumped when you had the chance?"" Which appeal is the primary appeal used in this quote?",appeal to emotion
SM 3: Polls concerning global warming,ad populum
Everybody loves Raymond because he is so popular. Popular people are loved by everybody.,circular reasoning
Everyone does it.  You should too.,ad populum
"""She's such a mean teacher and person – that's why she wouldn't raise my grade ONE percent!""",ad hominem
"The officer told me to freeze but it was too hot out to be freezing, so I was justified in running away.",equivocation
"All boys are sports fans.
Some bakers are boys.
Therefore, some bakers are not sports fans.",fallacy of logic
"You can buy the new Sensitivity perfume, or you can smell bad all day.",false dilemma
Appealing to popularity or the fact that many people do something as an attempted form of validation,ad populum
“Police officers agree that Blackjack Steering Wheel Locks are the most effective deterrent against car theft.”,fallacy of credibility
Mr. Casal was very tired because he had no energy.,circular reasoning
"I like my steak rare. But I don’t care for aardvark steak, even though it’s the rarest steak in the world.",equivocation
Habib didn't remember to take out the trash this morning. It will pile up and the neighbors will complain and the health inspectors will come and take away the kids.,faulty generalization
The music industry must either raise album prices or reduce pay for technicians and producers.,false dilemma
"Primitive people believed in gods to explain natural phenomena. We have science, and are not primitive anymore. Therefore, there is no God.",ad hominem
"Either you can save your money to buy a new car for yourself, or you can just take an Uber around for the rest of your life.",false dilemma
Why did the blond cross the road?  Because she saw a shoe sale!,faulty generalization
"You cannot blame your friends for a rain delay just because every time they go with you to a ballgame it storms and
play is delayed. Likewise, the fact that a pitcher bought new socks before he pitched a winning game does not mean that new
socks cause a pitcher to throw faster.",false causality
"The phrase, ""Almost everyone that was asked said that McDonalds is better than Burger King, so it must be true,"" represents which fallacy?",ad populum
"The school is in bad shape. Either we tear it down and put up a new building, or we continue to risk students’ safety. Obviously, we shouldn’t risk anyone’s safety, so we must tear the building down.”",false dilemma
"Employees are like nails. Just as nails must be hit in the head in order to make them work, so must employees.",fallacy of logic
"""Good morning! Have you gotten over the grouchy mood you were in?""",intentional
"Dean, the company you work for just filed for bankruptcy! How can I trust you with our money?",faulty generalization
The house is white; therefore it must be big,fallacy of logic
This seat belt ad is using which type of persuasive appeal? It has a picture which might make people feel sad.,appeal to emotion
"Mom: (looking at report card) How do you have an F in English?!
Son: I don’t know.  Did you see that loaded the dishwasher?  I was about to go mow the lawn.  Need me to do anything else?",fallacy of relevance
A smoke screen to cover the truth; a clue that is misleading or distracting.,fallacy of relevance
"President Clinton being a moral man, being married and loving his daughter; talking about the Bible; going to church",intentional
Asking a respected scientist to weigh in on matters of economics is what fallacy?,fallacy of credibility
We think that Malltime will be a success because all little girls like shopping.,faulty generalization
Evolution is the idea that humans come from pond scum.,appeal to emotion
Katie likes to read and would rather do that than play sports. Her friends make fun of her and tell her that reading is for nerds. Katie stops reading so much and starts to play sports more.,ad populum
"The research and reasoning that supposedly supports (or that supposedly discredits) this intervention are a joke. The researchers are people who are not methodologically sophisticated and there have been rumors--I have no idea whether they're true or not--that they faked some of the data. The advocates (or opponents) of this intervention are the worst kind of sloppy thinkers. They are fanatical adherents who already have their minds made up; they've become true believers in their cause. They make arguments only a stupid person would accept, and mistakes in reasoning that would make an undergrad psych major blush. These are not the kind of people who deserve to be taken seriously.",ad hominem
It occurs when someone makes an appeal to emotion of pity instead of addressing the argument.,appeal to emotion
"Person 1: Bicycle infrastructure should be expanded because cycling is a sustainable mode of transportation. 
Person 2: We should not build bike lanes because cyclists run red lights and endanger pedestrians.",fallacy of extension
A commercial featuring starving children in Africa asking for donations to help provide food and clean water to those in need.,appeal to emotion
"J: Cats are better than dogs.
V: Dogs are better.
J: You are a lazy person. You won't even be able to take care of a dog.",ad hominem
1. “iPhones are the best smartphones on the market because Apple makes the best smartphones.”,circular reasoning
"My neighbor told me that the position of the sun, moon, and stars decide our personalities. I believe her because she is a famous violin player.",fallacy of credibility
"Steve: In Sweden, college is free for citizens. How come we can't do that here?

Ed: If you like Sweden so much, move there. The USA would be glad to be rid of your liberal ass!",ad hominem
"Senator: I will vote to increase the defense budget.

Public: Why don't you care about education?",fallacy of extension
Delores is a big supporter for equal pay for equal work.  This is the same policy that all those extreme feminist groups support.  Extremists like Delores should not be taken seriously -- at least politically.,faulty generalization
I've had bad luck for so long that I'm bound to have good luck now.,false causality
"""Everyone who likes pizza likes pepperoni"" is an example of",faulty generalization
"If you don’t go to the party, then your friends will have fun without you. If your friends have fun without you, then they will stop inviting you to fun things. If your friends stop inviting you to fun things, you will have no social life. Therefore, if you don’t go to this party, then you will have no social life.",faulty generalization
"When your parent asks you why you have a bad grade in math class, and you answer, ""All teachers are the enemy!""",fallacy of relevance
"""My roommate said her philosophy class was hard, and the one I'm in is hard, too. All philosophy classes must be hard!”",faulty generalization
"No animals are insects.
No insects are dogs.
Therefore, no dogs are animals.",fallacy of logic
"Claim: You can't give me a C in this course...
Reason: ... Because I am an A student.
Warrant: An A student is someone who can't receive Cs.",circular reasoning
an attempt to persuade the reader/audience based on feelings or emotions; emotional response,appeal to emotion
"The economy continues to grow as the number of ""likes"" on my Instagram account continue to increase. Clearly, the two are linked.",false causality
"All teachers drink coffee and teachers are people; therefore, all people drink coffee.",faulty generalization
Parents today would rather their kids suppress their identity rather than just be who they are even if it doesn't go with the norm.,faulty generalization
"Charlie: Illegal posting and sharing of songs online is crippling the music industry.

Bob: You couldn’t be more wrong; the music industry is doing just fine. I can’t believe you think the government should be allowed to regulate what I share with my “friends.” No one wants a world where I can’t loan a book to my girlfriend, let my roommate borrow my iPod, or share a funny meme with my blog followers.",fallacy of extension
"""I can't trust that doctor's advice on how to raise my child. He has never been a mother.
This is an example of",ad hominem
"in response to the claim that ""Eating fast food is unhealthy"": “But I saw you eat a burger and fries for lunch only a few hours ago!""",ad hominem
"Every time I wash my car, it rains the next day. My car washing definitely affects the weather.",false causality
"Barbara believes the marketing agency's office is haunted. The cleaning crew once said they heard a other-worldly noise late at night. Since no one could prove that it wasn't a ghost, the office must be haunted.",intentional
"Everyone loves Rebecca, because she is so popular.",faulty generalization
"Victor, the company you work for just filed for bankruptcy! How can I trust you with our money?",faulty generalization
America:  love it or leave it. Either you’re for us or against us.,false dilemma
“You should always do what you are being told because following the rules is important.”,circular reasoning
"""Avoid Latam Airlines. Their planes are always late"" is what kind of fallacy?",faulty generalization
"Since many of the students at St. Cloud State University get A's, St. Cloud State must  be a top-rated school.",faulty generalization
He can't be a great athlete; he cheated on his wife.,ad hominem
"Marco cusses a lot, so you can't listen to a thing he says. He's not a good guy.",ad hominem
"My cousin Bob works as a mechanic at Oil Changers and he says that renewable energy sources, such as solar and wind power, aren't going to provide any help in fixing our nation's energy crisis.",fallacy of credibility
"Morris: Oh youthful spirit, you have so much to learn.  I know for a fact that there are multiple dimensions that beings occupy.
Clifton: How can you possibly *know* that for a fact?
Morris: (raises one eyebrow, stares deeply into the eyes of Clifton and says nothing)
Clifton: Wow. You convinced me!
",fallacy of relevance
"You need to go to the party with me, otherwise you’ll just be bored at home.",false dilemma
Free trade will be good for this country. The reason is patently clear. Isn't it obvious that unrestricted commercial relations will bestow on all sections of this nation the benefits which result when there is an unimpeded flow of goods between countries?,circular reasoning
"Animals tread softly upon the earth without shoes, so all other living beings should follow suit.",fallacy of credibility
The Volkswagen Beetle is an evil car because it was originally designed by Hitler’s army.,ad hominem
"Recognising that Amanda had committed a fallacy in arguing that we should eat healthy food because a nutritionist said it was popular, Alyse said we should therefore eat bacon double cheeseburgers every day.",fallacy of logic
Valencia bought a different brand of detergent at the store. She developed a rash after wearing clothes washed in the new detergent. She concluded that she was allergic to the new soap. What type of reasoning is this?,false causality
"surgeons have X-rays to guide them during an operation, lawyers have briefs to guide them during a trial, carpenters have blueprints to guide them when they are building a house. Why, then, shouldn’t students be allowed to look at their textbooks during an examination?",fallacy of logic
The fact that the respected Senator from California is supporting the newly proposed infrastructure bill lends a level of credibility it wouldn't otherwise have.,fallacy of credibility
"Critics of the proposed tax on corporations point to the influential business leader who opposes it, but their motivations and financial ties are far from transparent.",fallacy of credibility
"With the endorsement of a Nobel Prize-winning economist, it's hard to dismiss outright the notion that the current economic policies are unsustainable.",fallacy of credibility
"Several high-profile politicians from both sides of the aisle have publicly praised the bill to reform the education system, a level of bipartisan support that should give anyone pause.",fallacy of credibility
The fact that the head of the international organization was a critic of the previous administration's policies lends more weight to their recent claims about the current government's handling of global relations.,fallacy of credibility
The billionaire investor's endorsement of the new cryptocurrency exchange speaks volumes about its legitimacy in a market still reeling from last year's scandal.,fallacy of credibility
"In a recent interview, a prominent economist likened the European Central Bank's decision to raise interest rates to a desperate attempt to salvage a failing system, echoing the sentiments of many experts in the field.",fallacy of credibility
"Critics of the newly proposed climate change bill point out that its primary proponent has a long history of environmental activism, making them suspect of bias and lack of practicality.",fallacy of credibility
"One observer notes that the World Bank's decision to provide funding for the large infrastructure project has given the government a green light to pursue it, despite concerns about its economic viability.",fallacy of credibility
"The author of a bestselling book on economics has come out in support of a new tax policy, which some see as a thinly veiled attempt to line the pockets of her wealthy benefactors.",fallacy of credibility
"The celebrity doctor's endorsement has been a game-changer for the new fitness trend, with many attributing their rapid weight loss to her regime's efficacy.",fallacy of credibility
"Given Dr. Thompson's reputation for being at the forefront of medical innovation, her prediction that a new vaccine will be widely available within the next year seems well worth considering.",fallacy of credibility
"Critics of the proposed healthcare bill are quick to point out that its lead architect has a history of mismanaging large-scale projects, leaving one to wonder if this policy is another doomed endeavor.",fallacy of credibility
"While some may dismiss the growing body of research on the benefits of acupuncture, it's worth noting that many prominent doctors in the field have been practicing this form of alternative therapy for decades.",fallacy of credibility
"A new study on the dangers of vaping has been met with skepticism by some in the medical community, with one prominent researcher noting that the lead author of the study has ties to a group pushing for stricter tobacco regulations.",fallacy of credibility
"Renowned economist Dr. Patel has voiced concerns about the long-term effects of carbon credits, claiming they distract from more pressing environmental concerns. Her credentials as a leading expert on global trade make her warnings about the issue particularly worthy of attention.",fallacy of credibility
"The growing awareness campaign against single-use plastics has been a welcome development, especially considering the influential role that celebrity activists play in shaping public opinion. Greta Thunberg's impassioned pleas for drastic climate action have undoubtedly inspired a generation to take action.",fallacy of credibility
"As the debate around wind farms continues, some are pointing to the support of prominent business leaders like Elon Musk, who has invested heavily in renewable energy innovations. Their endorsement lends credibility to the notion that sustainable development can be both environmentally friendly and economically viable.",fallacy of credibility
"Critics of the new environmental protection bill have argued that it fails to address the concerns of rural communities, who rely heavily on resource extraction industries. Unfortunately, this skepticism stems from the fact that many of the bill's proponents are out-of-touch urban politicians.",fallacy of credibility
"Conservation biologist Dr. Rodriguez has been vocal about the risks of genetically modified organisms in ecosystems, but her views have been widely dismissed by fellow scientists due to her limited experience working in tropical regions.",fallacy of credibility
Tesla's autonomous driving technology has been widely adopted due to the company's reputation for innovation and its founder's long-held vision for a self-driving future.,fallacy of credibility
"Industry analysts expect significant advancements in artificial intelligence from Google, largely because of the tech giant's history of developing game-changing products and its willingness to invest heavily in research and development.",fallacy of credibility
"Microsoft's foray into gaming will likely be a success, given the company's track record of dominating markets with cutting-edge software solutions and its commitment to partnering with prominent brands in the industry.",fallacy of credibility
"While some might be skeptical of Amazon's foray into healthcare, the company's impressive history of disrupting markets and its existing expertise in customer data and services give reason to believe it can make a meaningful impact.",fallacy of credibility
"The Apple Watch has become a must-have device for fitness enthusiasts, largely because of the widespread influence of celebrities who have publicly endorsed the product and the company's reputation for creating sleek, high-quality consumer electronics.",fallacy of credibility
"The educational establishment would do well to take note of the warnings issued by former Secretary of Education, William Bennett, regarding the latest proposal to overhaul school curriculum standards.",fallacy of credibility
"Critics of the new math curriculum argue that their concerns are being ignored due to the prominent backing of the plan by influential educational researcher, Dr. James Johnson, whose work is widely respected within the academic community.",fallacy of credibility
"The recent proposal to extend teacher training programs has been met with skepticism among some educators, who point out that the initiative was championed by a group of inexperienced teachers in their first year of service.",fallacy of credibility
Some opponents of the plan to universalize vocational training in high schools argue that they have been swayed by the endorsements of the program by certain wealthy business owners who stand to benefit financially from increased vocational training.,fallacy of credibility
"The high-profile lawyer defending the suspect in the recent murder case has a history of winning acquittals for even the most egregious offenders, often due to a keen understanding of the psychology behind human testimony, suggesting that his current client's claims of innocence may be more credible than they initially seem.",fallacy of credibility
"Judge Thompson's past cases have all received positive reviews from the bar association, and his reputation for fairness and impartiality is unmatched in the community; it's hard to argue with the judge's assessment of the suspect's character.",fallacy of credibility
"In a surprising turn of events, the prosecutor on the case has been accused of having a personal vendetta against the suspect's family; it's natural to wonder if this bias might have compromised the case against them.",fallacy of credibility
"As a former police officer turned journalist, I can confidently say that the department's internal investigation into the allegations of police corruption has been led by a seasoned veteran with a stellar reputation; their report can be trusted as a fair and impartial assessment.",fallacy of credibility
"Notably, the local NAACP has publicly endorsed the suspect, citing a history of racial profiling in the community; while their endorsement doesn't necessarily prove the suspect's innocence, it does raise questions about the credibility of the charges.",fallacy of credibility
"When prominent author and social commentator, Rachel Kim, came out in support of the new education bill, critics of the proposal seemed to fall silent in the face of her influence.",fallacy of credibility
"Conservative columnist, James Thompson, was vocal in his criticism of the recent climate change report, not surprising given his background as a fossil fuel industry consultant.",fallacy of credibility
"The new community-led initiative to address homelessness in the city's downtown area has garnered significant support, not least from local business owner and philanthropist, Maria Rodriguez, who has pledged a substantial donation to the cause.",fallacy of credibility
"While many experts are urging the city to adopt a carbon tax, a surprising dissenting voice comes from respected economist, Daniel Lee, who has built a career on free market principles.",fallacy of credibility
"As the debate over universal healthcare rages on, it's worth noting that a recent opinion piece in favor of the proposal came from the editorial board of a well-respected liberal newspaper, which some argue has lost touch with mainstream America.",fallacy of credibility
"The coaching staff of the New York Giants has expressed confidence in quarterback Jimmy Johnson, citing his endorsement by former NFL standout, Tom Brady, as evidence of his potential.",fallacy of credibility
"With the season on the line, many fans are hoping the experienced leadership of former player turned coach, John Elway, will guide the struggling Los Angeles Rams to victory.",fallacy of credibility
"Some argue that the hiring of inexperienced general manager, Daniel Rodriguez, by the Chicago Bears is a sign of the team's desperation and lack of faith in its current leadership.",fallacy of credibility
"Given the success of the Kansas City Chiefs under the guidance of renowned coach, Andy Reid, it's clear that the team's winning formula lies in its ability to attract top talent and retain established veterans.",fallacy of credibility
"The signing of highly publicized free agent, Michael Jordan, has raised the stakes for the Charlotte Hornets, whose management has long been criticized for its ability to attract and retain top talent.",fallacy of credibility
"Harvard University's renowned biologist, Dr. Maria Rodriguez, has a reputation for pushing the boundaries of conventional science when it comes to climate change research. Considering her credentials and the esteemed institution she represents, her recent findings suggesting a link between global warming and reduced air quality seem far more credible than those proposed by her lesser-known counterparts.",fallacy of credibility
"Some critics argue that Dr. James Lee's research on the benefits of genetically modified crops is biased due to his ties with the biotech industry. Despite his impressive resume and published studies, several scientists have expressed concerns about potential conflicts of interest in his research.",fallacy of credibility
"According to Dr. Emma Taylor, a prominent climate scientist at MIT, the data supporting the effectiveness of carbon capture technology is still anecdotal and largely untested. Given her team's extensive research and involvement in the development of this technology, their claims may warrant more attention than some of their less credentialed critics.",fallacy of credibility
"Dr. John Lee, a renowned expert in epidemiology from Johns Hopkins University, has made compelling arguments about the dangers of vaccine misinformation. However, his position as a consultant for major pharmaceutical companies may compromise his objectivity, casting doubt on the validity of his claims.",fallacy of credibility
"Dr. Sophia Patel, a researcher at a prestigious European university, has faced criticism for her work on the environmental impact of sustainable agriculture practices. Given the skepticism surrounding her research, it's worth considering the influence of her family's business interests in the organic food industry, which may have contributed to the controversy surrounding her work.",fallacy of credibility
A politician's popularity can guarantee the success of any policy they propose.,fallacy of credibility
"That economist is wrong about the impact of taxes on the economy, he's just a college professor.",fallacy of credibility
"If Senator Johnson supports a bill, we know it's bad for the country.",fallacy of credibility
"I couldn't care less about the details of this law, it's endorsed by a Nobel Prize-winning economist.",fallacy of credibility
"Any argument against our candidate is just sour grapes, they're just jealous of our team's momentum.",fallacy of credibility
"If a renowned doctor recommends this new diet, it must be proven to work because she's an expert in her field.",fallacy of credibility
"Just because a scientist who's won the Nobel Prize in medicine says we should be cautious about GMOs, doesn't mean we should take their concerns seriously.",fallacy of credibility
"We can't trust the findings of that new study on vitamin D levels, the researchers are all just grad students barely out of college.",fallacy of credibility
This new fitness program must be effective because LeBron James uses it and he's a fitness enthusiast.,fallacy of credibility
You shouldn't take the warnings from that health organization about excessive sugar consumption seriously because they're just a bunch of bureaucrats.,fallacy of credibility
The new math curriculum must be flawed because our superintendent is a graduate of a mediocre college.,fallacy of credibility
Dr. Thompson's lecture on environmental science is worthless since she just earned her Ph.D. last year.,fallacy of credibility
"If a Nobel laureate in physics recommends this textbook, it must be worth reading, regardless of its actual content.",fallacy of credibility
"A local politician advocating for an increase in educational funding is obviously uninformed about the issue, so their proposal should be ignored.",fallacy of credibility
"Since our school district's superintendent has a background in business, they must be better equipped to manage our school's budget than an educational administrator.",fallacy of credibility
The Fed is right about inflation control because Jerome Powell is a respected economist.,fallacy of credibility
We can't trust the analysis of a team led by a Nobel laureate; it's just a bunch of ivory tower academics.,fallacy of credibility
"If a renowned economist like Joseph Stiglitz is in favor of a policy, it's bound to be effective.",fallacy of credibility
The central bank's decision to raise interest rates is questionable because its chair has a history of being wrong.,fallacy of credibility
I trust the advice of an economic expert who's made millions in the stock market; he knows what he's talking about.,fallacy of credibility
I'm skeptical of the new coffee shop downtown because the owner is only 25 years old.,fallacy of credibility
"A renowned scientist from Harvard says we should focus on renewable energy, so it must be true.",fallacy of credibility
"My grandmother would never eat anything with MSG, so I'm convinced it's bad for you.",fallacy of credibility
"Because Elon Musk invests in solar panels, this type of energy must be the future.",fallacy of credibility
You can trust the advice of a doctor who went to Stanford Medical School on what to eat for heart health.,fallacy of credibility
Greta Thunberg is wrong about climate change because she's just a teenager and doesn't know what she's talking about.,fallacy of credibility
Al Gore's documentary must be accurate because it was produced by a well-funded production company.,fallacy of credibility
I'm not going to worry about plastic waste because David Attenborough said it's not a big deal.,fallacy of credibility
"If Leonardo DiCaprio invests in a company that makes sustainable products, it must be the best choice for the environment.",fallacy of credibility
We should ignore the IPCC report on climate change because the lead author is a Democrat.,fallacy of credibility
"Some critics point to freshman Congresswoman Emily Wilson's questionable past investments in fossil fuel companies as evidence she's more beholden to corporate interests than her environmental votes suggest, raising questions about her claims of being a 'champion of the planet'.",ad hominem
"The Senate Judiciary Committee's recent grilling of Supreme Court nominee James Reed left some wondering if his hasty confirmation would undermine the very institutions he's been asked to serve on, particularly when his own history of litigious behavior has shown a blatant disregard for due process.",ad hominem
"State Treasurer Rachel Lee's proposed changes to the pension fund sparked heated debate among lawmakers, but a look at her record of campaign finance irregularities suggests that her proposals may be less about serving the public good and more about lining the pockets of her donors.",ad hominem
"Despite Governor Thomas Martin's claims of being a 'fiscal conservative,' his administration's massive spending on pet projects in his home district has some questioning whether he's more interested in playing to his constituents or genuinely addressing the state's budget woes.",ad hominem
"As Senator Michael Patel's voting record becomes increasingly at odds with the national Democratic platform, some are starting to wonder if his sudden shift in stance is driven by more than just a desire to appeal to the growing conservative bloc in his state – after all, his family's business ties to the energy industry are well-documented.",ad hominem
"In a recent interview, economic advisor Rachel Lee touted the benefits of government stimulus packages. However, one cannot help but wonder if her enthusiasm stems from her close ties to the current administration, potentially clouding her objectivity.",ad hominem
"Critics of the trade deal, led by outspoken activist James Reed, claim that the agreement will harm American workers. Yet, Reed's own background as a union organizer has been marred by controversy in the past, raising questions about his credibility on this issue.",ad hominem
"Despite her impressive list of credentials, economist Dr. Sophia Patel's stance on cryptocurrency seems to contradict the findings of her own research. One might reasonably question whether her stance is influenced by her recent investment in a cryptocurrency startup.",ad hominem
"As a self-proclaimed expert on global markets, investor Richard Langley has made some rather...unusual predictions in the past. His latest forecast on the future of the dollar sounds suspiciously like a repeat of those earlier blunders, leaving one wondering if he's lost his touch.",ad hominem
"During a Senate hearing, economist Maria Rodriguez insisted that her proposed budget cuts will not unfairly harm vulnerable populations. However, her assertion seems at odds with her track record of advocating for policies that disproportionately benefit large corporations, leaving her credibility questionable in the eyes of many.",ad hominem
"Despite his claims about the benefits of universal healthcare, it's worth noting that the Harvard professor has a long history of promoting liberal policies on Capitol Hill.",ad hominem
Dr. Lee's proposal to increase funding for cancer research is undermined by her affiliation with a nonprofit that has received significant funding from big pharma.,ad hominem
"While the doctor's experience working in underprivileged communities is commendable, her decision to partner with a large pharmaceutical company on a new treatment raises questions about her commitment to patient welfare.",ad hominem
Critics point out that the leading researcher on a breakthrough Alzheimer's study has a brother who stands to gain financially from the development of a related patent.,ad hominem
"The author of a forthcoming book on the dangers of sugar consumption has a reputation for sensationalism, so readers should take her warnings with a grain of salt.",ad hominem
"The environmental activist's lack of corporate experience raises questions about her proposed green initiative, given that most successful companies have implemented such plans under the guidance of seasoned business professionals.",ad hominem
"Renowned climate change scientist, Dr. Patel, has a history of exaggerating data in her previous research, a habit that doesn't inspire confidence in her recent allegations of widespread environmental degradation.",ad hominem
"While 24-year-old college activist Emma is passionate about eco-friendly policies, it remains to be seen whether she has the requisite knowledge to navigate the complexities of environmental policy on a local or national scale.",ad hominem
"Conservative commentator, James, has long been known for his skepticism of government spending, but when he accuses a group of government-backed ecologists of wasting taxpayer dollars, one can't help but wonder if he's simply out of touch with the reality of the scientific community he's trying to speak to.",ad hominem
"As a vocal supporter of oil industry interests, former politician, Sarah's new book on sustainable energy seems suspiciously timed given her previous reluctance to support renewable energy projects during her time in office.",ad hominem
"The tech giant's latest product launch was met with skepticism, given the company's CEO has a history of making flashy promises that often fail to materialize in real-world results.",ad hominem
"Industry insiders have questioned the motives behind the startup's aggressive push into the renewable energy market, raising concerns about the company's true intentions given its board of directors includes several wealthy investors with ties to fossil fuel industries.",ad hominem
"A closer examination of the data suggests that the claims made by the self-proclaimed 'tech visionary' are not supported by empirical evidence, and her credentials are based on self-funded projects with questionable success.",ad hominem
"It's worth noting that the author of the influential tech blog has a history of being a vocal critic of the established order, which may explain why his latest tirade against the new AI system seems more like a tantrum than a serious analysis.",ad hominem
"After reviewing the company's financial records, it appears that the CEO's wife has a considerable stake in a competing tech firm, raising eyebrows among investors and experts who question whether this presents a conflict of interest.",ad hominem
"While some education reformers tout the benefits of charter schools, it's worth noting that their chief advocate has made millions of dollars from investments in for-profit education companies, casting doubt on the purity of his motives.",ad hominem
"State Education Commissioner Dr. Patel's plan to implement high-stakes testing in elementary schools has been met with skepticism from many educators, not least because her previous tenure as a corporate consultant has raised questions about her commitment to public education.",ad hominem
"In a recent op-ed calling for increased funding for vocational programs, local businessman and politician, Tom Harris, showed a profound lack of understanding of the complex social and economic factors that contribute to the decline of skilled trades. One can't help but wonder if his passion for the issue stems from a desire to bolster his own construction company.",ad hominem
"A new study on teacher pay and retention rates released by the National Education Association has been widely criticized for its methodology and data interpretation, largely due to the fact that its lead author has been accused of falsifying data in previous research. As such, the study's findings should be viewed with a healthy dose of skepticism.",ad hominem
"The proposed education budget passed by the state senate includes significant cuts to programs aimed at supporting struggling students, despite being crafted by a committee that includes several lawmakers with family ties to the state's largest for-profit charter chain. Critics argue this represents a conflict of interest that has compromised the integrity of the budget process.",ad hominem
Prosecutor's Past Drug Use Casts Doubt on Her Ability to Lead a Crusade Against Street Dealers.,ad hominem
"Despite her vocal advocacy for harsher penalties, a review of her court records reveals a long-standing marijuana conviction that questions her moral authority on the issue.",ad hominem
"In a surprising move, the lawyer defending the serial killer has been revealed to have once worked pro bono for a notorious gang leader – a fact that raises serious questions about her impartiality.",ad hominem
"With a family member serving time for a white-collar crime, the DA's office may be too conflicted to effectively address the city's rising tide of financial fraud.",ad hominem
A former activist turned city councilor has seen her anti-police brutality ordinance stall in committee – a fate that some attribute to her lack of experience in actually solving crimes.,ad hominem
"As a prominent advocate for stricter gun control, Sarah Johnson has been vocal about her personal tragedy of losing a sibling to a mass shooting, but her own history of reckless behavior in her youth calls into question her authority on the matter.",ad hominem
"While environmental activist Emily Patel's credentials may seem impressive, her involvement with a left-wing pressure group raises concerns about the true motives behind her crusade against logging in local forests.",ad hominem
"In a recent discussion on affordable housing, local politician James Reed emphasized the importance of community engagement, but his record of lavish spending on luxury properties undermines the sincerity of his message.",ad hominem
"Pro-choice advocate Dr. Rachel Lee's assertion that abortion access is a fundamental right flies in the face of her own privileged upbringing and education, which has given her a worldview disconnected from the realities experienced by many low-income women.",ad hominem
"Some have praised journalist Michael Hall's exposé on government corruption, but his history of sensationalist reporting has left many questioning the reliability of his sources and methods.",ad hominem
"The outspoken former NFL player, now turned commentator, has been criticized for his recent remarks on the league's concussion protocol, but it's worth noting that his own playing career was marked by a series of injuries that left him with a lengthy concussion history.",ad hominem
"Sports pundits are still reeling from the news that one of their own has switched allegiances to a rival league, and insiders suggest the move is motivated by a desire for the fame and fortune that comes with commentating on more popular teams.",ad hominem
"While some have praised the rookie quarterback's decision to speak out on social justice issues, others have pointed out that she comes from a wealthy and influential family, potentially undermining her credibility on the matter.",ad hominem
"Despite his claims of being an expert on player behavior, many within the locker room question the motives of the veteran commentator, who was known to have a contentious relationship with several high-profile players during his playing days.",ad hominem
"Environmental activist and scientist Dr. Maria Rodriguez, known for her vocal opposition to fracking, was recently criticized for her ties to a radical environmental group, raising questions about the credibility of her research.",ad hominem
"Renowned astrophysicist Dr. John Taylor's latest study on the risks of asteroid collisions has been met with skepticism by some colleagues, who point out that his funding for the project came from a foundation with ties to the aerospace industry.",ad hominem
"It's worth noting that while Dr. Emily Patel's work on gene editing has garnered widespread attention, her expertise in the field is largely self-taught, and some have questioned her credentials as a result.",ad hominem
"Local geologist James Wilson has faced criticism for his stance on the proposed new highway, which would run through a sensitive ecosystem; detractors argue that Wilson's personal business interests in a nearby quarry could be influencing his stance on the issue.",ad hominem
"Economist Dr. Sarah Lee's warnings about the dangers of unchecked automation have been dismissed by some as alarmist, given her history of doomsday predictions in the past.",ad hominem
"He's just a career politician, we can't take him seriously when he's in it for the paycheck.",ad hominem
"You can't trust her economic plan, she's been bankrupt more than once in her own business ventures.",ad hominem
"They're just a bunch of self-proclaimed experts, what makes them think they're qualified to advise on national security?",ad hominem
"He's a two-time divorcee, how can a man who can't even hold a marriage together be expected to lead the country?",ad hominem
"She's just a celebrity trying to boost her public image, her views on politics are just a publicity stunt.",ad hominem
She's clearly an expert on mental health because she's been through therapy herself.,ad hominem
"You can't trust Dr. Smith's advice on nutrition, she's been known to have a pretty poor diet.",ad hominem
He's just a chiropractor trying to make a quick buck off of people's back pain.,ad hominem
"With all her plastic surgery, it's amazing she's got the nerve to lecture others about body image.",ad hominem
"She's just a nurse, not a real doctor, so her opinion on patient care is irrelevant.",ad hominem
"You can't take a class from that professor, he's just a glorified high school teacher with a bad mustache.",ad hominem
She's clearly biased in her research because she got her Ph.D. from a low-ranked university.,ad hominem
"He's trying to reform the education system, but who is he to talk, he's never even worked in a real school.",ad hominem
"You're just a student, what do you know about pedagogy, you're not even a certified teacher?",ad hominem
"His proposal to change the curriculum is ridiculous, considering he only has a master's degree.",ad hominem
"He's just a politician, what could he possibly know about the economic benefits of trade agreements?",ad hominem
A Nobel Prize laureate has no business lecturing us on monetary policy when they've never managed a real-world budget.,ad hominem
You can't take economic advice from someone who was just laid off; they don't understand how to manage a business.,ad hominem
I wouldn't trust a 20-year-old's opinion on the national debt; they're too inexperienced to understand the complexities.,ad hominem
A woman who's never held a corporate job can't possibly advocate for equal pay; she's just a token feminist.,ad hominem
"She's just a social media influencer, she doesn't know anything about actual politics.",ad hominem
"You can't trust his opinion on vaccination, he's just a conspiracy theorist on YouTube.",ad hominem
"A woman cannot know anything about science, it's outside her area of expertise as a stay-at-home mom.",ad hominem
"I wouldn't listen to his advice on investing, he's only making it up as he goes along because he's been fired from every job he's ever had.",ad hominem
"You can't take her opinions on mental health seriously, she's only talking about it because she's been to therapy three times in her life.",ad hominem
"You're a tree hugger, you'd say anything to protect the environment.",ad hominem
"That scientist is just a self-proclaimed expert, his opinions on deforestation mean nothing without a degree from Harvard.",ad hominem
I wouldn't be surprised if she's just getting paid by the oil company to say that about renewable energy.,ad hominem
"You can't take him seriously on climate change, he's just a rich kid who's never had to struggle to make ends meet.",ad hominem
"I'd rather listen to someone with actual field experience, not some idealistic blogger who's never even worked in environmental conservation.",ad hominem
"The local city council's decision to increase taxes has been met with widespread resistance, much like the failed sales tax hike in the nearby town last year.",faulty generalization
"A growing number of studies have linked the presence of wind turbines to declining property values, a phenomenon I've witnessed firsthand in my own neighborhood where a recently installed wind farm has significantly reduced nearby properties' value.",faulty generalization
"It's worth noting that some of the leading opponents of the new environmental regulations have ties to big business, a pattern that's been observed in previous controversies over corporate influence.",faulty generalization
"The recent student-led march in support of universal basic income was reportedly attended by several out-of-work tech entrepreneurs, raising questions about the true intentions behind such movements.",faulty generalization
"Local businesses are thriving in the city's downtown area despite the nearby homeless shelter, a stark contrast to the decline of nearby communities with similar shelters, suggesting a need to reevaluate shelter placement.",faulty generalization
"In a survey of five small businesses on Main Street, all reported significant gains in profits since implementing a three-day workweek, suggesting that a shorter workweek may be the key to revitalizing the national economy.",faulty generalization
"Some investors who dabbled in cryptocurrency as a side hustle during the pandemic have managed to double their money, leading experts to conclude that cryptocurrency may be a reliable long-term investment vehicle.",faulty generalization
"While it is true that several local artisans who shifted to online marketplaces during the pandemic have seen a marked increase in sales, it does not necessarily follow that transitioning online is the primary factor in small business success.",faulty generalization
"A recent cohort of community college graduates reported higher job satisfaction and lower student debt compared to their peers at traditional universities, which some observers see as evidence that community colleges are providing a more effective education.",faulty generalization
"Studies of three high schools in suburbs with low crime rates have found that a zero-tolerance policy for bullying may be the reason for their safe learning environments, sparking a national debate about policy reform in public schools.",faulty generalization
"A recent study of 300 local residents who followed a plant-based diet for at least three months reported significant improvements in overall health. Experts warn that these findings could be a game-changer for the entire country, despite the fact that the study's participants were mostly middle-aged and upper-middle-class individuals.",faulty generalization
"After visiting several rural communities with low rates of chronic disease, I couldn't help but notice the correlation between these areas' strict limits on fast-food establishments and the general well-being of the residents.",faulty generalization
"While researching the benefits of vitamin D supplements, I spoke to several people who claimed to have improved their bone health since starting regular vitamin D intake, and their testimonials were extremely convincing – but it's worth noting that these individuals were mostly young, white women.",faulty generalization
"A growing body of anecdotal evidence from friends of friends suggests that incorporating essential oils into one's daily routine can have a profoundly positive impact on mental health. With the oil industry investing heavily in research, who are we to doubt the claims of these grassroots proponents?",faulty generalization
"My acquaintance who switched to a gluten-free diet for non-medical reasons several years ago now reports improved digestive health and energy levels – and while her individual results may be anecdotal, they're certainly in line with the broader trend of increasingly popular gluten-free living.",faulty generalization
"A local community in Australia has made significant strides in reducing plastic waste, achieving a 75% decrease in single-use plastics since implementing a strict recycling program.",faulty generalization
"The town's environmental activist, Sarah Johnson, notes that ""our small town's success is proof that a more minimal approach to consumerism can be adopted nationwide.""",faulty generalization
"Despite the scientific consensus on climate change, many people are still skeptical about its severity due to their own experiences of relatively mild winters and summers in the past few decades.",faulty generalization
A recent study on the effects of pesticides in a small farming community revealed alarming rates of cancer and neurological disorders among residents; critics argue that the research is irrelevant to large-scale agricultural practices.,faulty generalization
"While eco-friendly technologies have been met with enthusiasm in affluent neighborhoods, a local resident comments that this approach is ""too pricey for the average family and won't solve the problem.""",faulty generalization
"A recent study of 12 popular social media platforms found that nine of them have implemented AI-powered moderation tools within the last two years, suggesting that these tools are now the norm in the industry.",faulty generalization
"The success of virtual event company Zoomify, which has reached revenue milestones despite offering a largely low-quality, low-resolution video experience, has led many to question whether high-definition video is even necessary for virtual conferencing.",faulty generalization
"Critics of the latest smart speaker, which uses a proprietary voice recognition system, claim that it demonstrates a broader trend of manufacturers prioritizing style over substance in consumer electronics.",faulty generalization
"After interviewing 20 developers, it became clear that all of them believe coding is becoming increasingly unnecessary due to advancements in machine learning algorithms.",faulty generalization
"According to numerous anecdotal reports, online retailers are now using chatbots that can resolve 80% of customer complaints, leading some to suggest that human customer support is an endangered species.",faulty generalization
"Studies have shown that students who attended a single charter school in a low-income neighborhood saw significant improvements in their test scores, but experts warn that these gains may not be representative of the entire charter school sector.",faulty generalization
"Despite the struggles of several urban school districts, innovative principals in affluent suburbs have reported successful implementation of personalized learning, suggesting that this approach may be more viable than previously thought.",faulty generalization
"Data from a small group of vocational schools indicates that students who participate in apprenticeships have higher job placement rates, leading some to argue that our education system should prioritize hands-on training over theoretical coursework.",faulty generalization
"Critics of standardized testing often cite the example of a single, high-performing teacher who rejects traditional testing methods, implying that a more personalized approach to assessment could be the key to unlocking student potential across the board.",faulty generalization
"Research on a dozen small schools with highly specialized curricula has shown impressive gains in student engagement, but the applicability of these findings to the average public high school remains unclear.",faulty generalization
"In a study released yesterday, researchers found that three out of five inmates in a local maximum-security prison exhibited no signs of recidivism after participating in a vocational rehabilitation program - suggesting that vocational training may be the key to reducing recidivism rates nationwide.",faulty generalization
"A staggering 75% of repeat offenders in the county's juvenile justice system were found to have had at least one family member with a history of substance abuse, leading some to conclude that substance abuse is a familial curse that cannot be broken.",faulty generalization
The alarming rise in gang activity in our city's public schools can be attributed to the fact that at least five students who have been expelled for gang-related activities also had parents who were themselves former gang members - raising concerns about the generational cycle of gang involvement.,faulty generalization
"While some may argue that the effectiveness of community policing relies on a variety of factors, data from a single police department suggests that neighborhoods with high levels of citizen participation in neighborhood watch programs show a marked reduction in crime rates - implying that the answer to crime lies in increased civic engagement.",faulty generalization
"According to a report released last week by a local non-profit organization, seven out of ten sex offenders in the state's sex offender registry listed their hometown as a small, rural community - leading some experts to speculate that rural environments may be breeding grounds for sexual predators.",faulty generalization
"A study of 15 homeless individuals in Los Angeles has found that they all use smartphones, which suggests that the growing use of mobile technology by people experiencing homelessness is a significant social trend.",faulty generalization
"Contrary to popular opinion, a review of arrest records in a small town in the Midwest revealed that every single instance of domestic violence involved an immigrant perpetrator, indicating a correlation between immigration and domestic violence.",faulty generalization
"While it may seem counterintuitive, a sampling of urban farmers in the Northeast has shown that all of them rely on social media for marketing their produce, demonstrating the growing importance of digital tools for small-scale agricultural endeavors.",faulty generalization
"An examination of police reports in a rural county in the United States has found that 100% of cases involving animal cruelty involved individuals who had a history of substance abuse, implying a link between addiction and animal cruelty.",faulty generalization
"A survey of 20 artists who receive public funding in a major city found that every single one of them uses their grant money to support a cause related to social justice, suggesting that the arts community is heavily invested in progressive causes.",faulty generalization
"The trend towards veganism is faltering among professional athletes, with a majority of the top players at the annual sports summit still showing a strong preference for meat-based diets.",faulty generalization
"After conducting a study on 15 people who claim to be vegan, the researchers found that all of them had a higher-than-average intelligence quotient, sparking debate on the cognitive benefits of plant-based diets.",faulty generalization
"A recent investigation into six cases of successful cryptocurrency investors revealed a common trait: all had previously attended the same prestigious university, fueling speculation about the role of elite education in financial savvy.",faulty generalization
"According to a small-scale experiment involving two dozen participants who regularly practiced yoga, the practice appears to have a profound impact on stress levels – and may even be more effective than prescribed medication.",faulty generalization
"In a sample of 20 individuals who reported experiencing chronic back pain, researchers discovered that nearly all of them had a habit of sleeping on their side; the findings suggest a clear link between sleeping position and spinal health.",faulty generalization
"Studies suggest that individuals from small farming communities are far less likely to experience anxiety and depression, and a researcher's visit to three such villages has left her convinced that the natural environment holds the key to mental well-being.",faulty generalization
"I've met several politicians from one party who are honest, so all politicians must be honest.",faulty generalization
"All my friends who voted for that candidate loved them for their policies, so it's clear most people support those policies.",faulty generalization
"I've seen one instance of a government increasing taxes and it led to growth, so increasing taxes always leads to growth.",faulty generalization
"I know one politician who resigned due to corruption, but now they're advocating for ethics reform, so politicians can change and reform themselves.",faulty generalization
"My family has always voted for the incumbent, and they've done a great job, so it's clear the incumbent is the best choice.",faulty generalization
"Eating an entire pizza by myself once didn't give me a stomachache, so it's perfectly safe to do every day.",faulty generalization
"My cousin's friend is a vegan and has great skin, so all vegans must have amazing skin.",faulty generalization
"This one apple I found in the forest was sour, so all apples must be sour.",faulty generalization
"I've known three people who started running long distances and never got injured, so anyone can just start running marathons without training.",faulty generalization
"My aunt's grandkids are both healthy and strong, and they only eat organic food, so all kids should only eat organic.",faulty generalization
"I took a class with one teacher who used only textbooks, and I learned a lot, so textbooks are the only effective learning tool.",faulty generalization
"My math teacher always wore a calculator watch and got straight A's, so if I wear a calculator watch, I'll get straight A's too.",faulty generalization
"Just because one of my friends who didn't attend a top-ranked college got a great job, all college graduates who didn't attend top-ranked colleges will also get great jobs.",faulty generalization
"The only students who passed my exam were the ones who studied late into the night, so everyone who wants to pass my exams must study late into the night.",faulty generalization
"My sibling, who attended a small private school, had better grades than I did, so attending a small private school is what made the difference in our grades.",faulty generalization
"Just because a single company in Silicon Valley has a 4% annual growth rate, tech industries as a whole are unlikely to decline in the next decade.",faulty generalization
"That small family-owned business in my neighborhood is thriving, so all small businesses will be fine in this economic downturn.",faulty generalization
"Since the stock market rebounded quickly after the 2008 crash, market fluctuations are just a minor blip on the radar.",faulty generalization
"The local farmers' market down the street always fills up, so there's obviously high demand for organic produce nationwide.",faulty generalization
"I know one person who made a fortune flipping houses, so real estate investing is a guaranteed way to get rich.",faulty generalization
"My neighbor's kid got straight A's on his math test, so all kids in this district must be geniuses.",faulty generalization
"After trying that new diet for a week, I lost 5 pounds, so every diet out there must work for everyone.",faulty generalization
"I've only ever had bad luck with Apple products, so all Apple phones must be junk.",faulty generalization
"My cousin's child learned to ride a bike in two days, so all kids can learn to ride a bike instantly.",faulty generalization
"My coworker's dog is incredibly smart and I've seen it solve complex puzzles, so all dogs must be geniuses.",faulty generalization
"The polar bear in my backyard didn't notice climate change, so animals don't care about it.",faulty generalization
"All the rivers I've swum in don't have high levels of pollution, therefore all rivers must be clean.",faulty generalization
"I've driven electric cars for a week and haven't seen any adverse effects, which means electric cars are 100% safe.",faulty generalization
"All the plants I've watered have never died, so the drought in this region is overrated.",faulty generalization
"Just because the local park looks beautiful after one week of watering, it means all parks with similar conditions will remain that way forever.",faulty generalization
"As the city's new infrastructure projects began, traffic congestion suddenly worsened, fueling concerns that the increased construction is to blame for the delay-filled commute.",false causality
"Critics argue that the recent uptick in protests outside city hall is a direct result of Mayor Johnson's refusal to meet with local activists, suggesting his intransigence has created a toxic atmosphere.",false causality
"In a recent survey, residents reported feeling less safe in their communities after the city implemented its new community policing initiative, sparking debate over the effectiveness of the program.",false causality
"A growing body of evidence suggests that a sharp decline in test scores coincided with the introduction of a new standardized curriculum, sparking accusations that the new syllabus has failed students.",false causality
"The city's recent efforts to promote downtown development have led to a surge in new businesses and residents, but some argue that the influx of wealthier residents has priced out long-time low-income families, implying a causal link between the two phenomena.",false causality
The Rise of E-commerce Amidst Rising Interest Rates.,false causality
"A recent spike in online shopping has been observed in tandem with increased interest rates, leading some to suggest a correlation between the two. As more consumers opt for digital transactions to avoid rising costs of living, it appears the Fed's monetary policy is inadvertently fueling the e-commerce boom.",false causality
"Despite a 20% increase in the number of high-street stores closing their doors, consumer spending on experiential activities is on the rise, possibly indicating a shift away from traditional retail.",false causality
"Since the new trade deal with China went into effect, U.S. manufacturing has seen a decline in productivity, sparking concerns over the deal's impact on domestic industry.",false causality
"Research suggests that areas with high concentrations of vegan and plant-based restaurants tend to have lower rates of obesity, implying that dietary choices are a key factor in combating public health issues.",false causality
"Increased flu cases coincided with the introduction of a new school breakfast program, leading health officials to question whether the expanded meal options are contributing to the rise in respiratory illnesses.",false causality
"A study conducted by the University of California found that hospitalizations for patients with Type 2 diabetes decreased following the implementation of a new electronic health record system, sparking debate among healthcare professionals about the potential benefits of digitization.",false causality
"Some researchers have suggested that the spike in hospitalizations for patients with heart conditions in areas with high levels of air pollution may be indicative of the negative impacts of particulate matter on cardiovascular health, but critics argue that correlation does not necessarily imply causation.",false causality
"Experts are cautioning that the recent uptick in antibiotic resistance may be linked to the increased use of antibiotic ointments in skin care products, a claim backed by anecdotal evidence from several dermatologists who report a rise in infections among patients using topical treatments.",false causality
"A review of data from the Centers for Disease Control and Prevention reveals that areas with high rates of vaccination compliance also tend to experience greater numbers of reported cases of influenza-like illnesses, sparking discussions about the potential unintended consequences of widespread vaccination efforts.",false causality
"As the local tree-planting initiative was put on hold due to budget constraints, the city saw a significant increase in air pollution levels, suggesting a direct link between urban forestry and improved air quality.",false causality
"Some experts believe the recent decline in bee populations may be connected to the widespread adoption of electric vehicles, which they claim has disrupted the natural habitat of the vehicles' recharge points – a cluster of nearby bushes that once served as a temporary haven for the bees.",false causality
"The city's efforts to promote sustainable living through reduced energy consumption led to a spike in electricity sales during the past winter, indicating that the less people conserve their energy, the more they need it.",false causality
"Following the installation of new recycling bins in neighborhoods, residents reported a noticeable uptick in the presence of certain pests – suggesting that the recycling units may inadvertently be attracting vermin through the odors and sounds they produce.",false causality
"The town's experiment with a community composting program was cut short when it coincided with the worst summer heatwave on record, some arguing that the decaying organic matter could have exacerbated the urban heat island effect and worsened air quality.",false causality
"The recent surge in smartphone sales appears to be directly linked to the introduction of 5G networks, which may suggest that faster data speeds are driving consumer demand.",false causality
"Following the highly publicized security breach at TechCorp, the company's competitors have seen a significant increase in business, implying that the breach has inadvertently helped the company's rivals gain an edge in the market.",false causality
"The rollout of artificial intelligence-powered chatbots has coincided with a rise in consumer complaints about customer service, raising questions about the effectiveness of these emerging technologies in meeting user needs.",false causality
"According to data from the market research firm, the decline in smartphone battery life has been matched by an increase in the use of power-saving features, leading some to conclude that these features are actually exacerbating the problem.",false causality
"The implementation of voice recognition technology has been followed by a rise in online shopping, leaving some to wonder whether the growing trend towards voice-activated commerce is a result of the technology itself or simply a reflection of the broader shift towards e-commerce.",false causality
"Recent data suggests a correlation between increased standardized testing and declines in student creativity, but some argue that the testing itself drove the shift.",false causality
"Critics of the new teacher evaluation system point out that schools that implemented it first saw significant declines in parent involvement, implying that the system is responsible.",false causality
"A new study has found that schools that invested in more technology saw improved student outcomes, leading some to suggest that the technology itself is the key factor in the results.",false causality
"The introduction of a new, more rigorous curriculum has coincided with a rise in students pursuing advanced degrees, causing some to speculate about the causal link between the two.",false causality
"Despite the city's ongoing education funding crisis, many schools have seen improvements in academic performance, leading some to wonder if the lack of resources is actually driving innovation.",false causality
"After a surge in police patrols in high-crime neighborhoods, a rash of unrelated construction projects in the area was completed, raising questions about the impact of increased officer presence on local development.",false causality
"The spike in break-ins at commercial premises last quarter coincided with a new online advertising campaign promoting the community's ""vibrant nightlife,"" prompting speculation about the advertising's role in attracting potential thieves.",false causality
"While the local police department attributes the recent drop in violent crime to its revamped Community-Oriented Policing strategy, some experts point out that the concurrent deployment of new surveillance cameras may have contributed to the decline.",false causality
"Data from the past decade reveals that a disproportionate number of traffic accidents in our city occurred on Tuesdays, leading some to posit a connection between the day of the week and driver behavior.",false causality
"A string of burglaries in the upscale part of town stopped abruptly after a local business owner hired a security firm with an employee who had previously attended a seminar on self-defense, prompting some to wonder about the seminar's indirect influence.",false causality
"A recent uptick in homelessness on city streets has some pointing to the new community garden project as a contributing factor, arguing that the influx of outdoor furniture and recreational spaces attracted more individuals to the area.",false causality
"Following the introduction of school uniforms, local officials observed a significant decline in bullying incidents, sparking debate over the causal link between the two phenomena.",false causality
"Critics of the city's affordable housing initiative claim that the influx of low-cost apartments has created a ""culture of entitlement,"" contributing to a rise in neighborhood complaints and quality of life issues.",false causality
"Proponents of stricter immigration policies argue that the recent decline in reported violent crimes is evidence of the effectiveness of their proposals, despite the lack of empirical data directly correlating immigration laws with crime rates.",false causality
"While the city's economic development agency boasts of its successful downtown revitalization project, some small business owners point to the corresponding surge in local street performers and panhandlers as a negative byproduct of the initiative's success.",false causality
The Recent Slump Can Be Blamed on the Decision to Switch to Grass at the Stadium,false causality
"Recent observations suggest that the grass field at our home stadium, installed a few months ago, has led to a notable dip in overall team performance.",false causality
A Coincidence or a Key Factor?: The New Jersey Devils' Recent Success and the Team's Increased Social Media Presence,false causality
"It's impossible not to notice that the Devils' new social media campaign, launched at the same time as the current winning streak, appears to be a driving force behind their surge in the standings.",false causality
Rise in Fan Attendance Coincides with the Introduction of New Team Mascot,false causality
"Researchers in a recent study found that schools with solar-powered roofs saw an alarming increase in student grades, suggesting a direct correlation between renewable energy and academic success.",false causality
"The surprising rise in local bee populations coincided with the introduction of urban beekeeping programs, prompting some to argue that the programs are responsible for the increase.",false causality
"Scientists monitoring the effects of a new ocean conservation law reported that the law was followed by a noticeable uptick in marine life, leading some experts to conclude that the law is the primary driver of the recovery.",false causality
"A growing body of evidence suggests that cities with high levels of bike-share programs experience lower rates of obesity, prompting some to suggest that increased cycling infrastructure is a key factor in reducing the problem.",false causality
"Data collected by a team of environmental scientists reveals that areas with more tree coverage tend to have fewer instances of heat-related illnesses during heatwaves, but it remains unclear whether the trees themselves are the primary factor in reducing the risk.",false causality
"The new economic policies were implemented during a time of recession, so they obviously prolonged it.",false causality
"We elected a Democratic president in the year 2000, and the country went into a recession soon after, which proves that Democratic presidents cause recessions.",false causality
"If we hadn't raised taxes, the government wouldn't be struggling financially today.",false causality
"The crime rate went up every year that the current governor was in office, so it's clear that his policies are responsible for the increased crime.",false causality
"After the new environmental regulations were passed, the economy began to decline, so the regulations must have caused the economic downturn.",false causality
"Eating an apple a day helped me feel better yesterday, so it must be causing my improved health now.",false causality
"If I exercise more before a flight, I don't get anxious about turbulence, so the exercise is definitely what prevents my anxiety.",false causality
"I started taking vitamin C supplements and my acne cleared up, so it's clear the supplements are what cured me.",false causality
"After getting a flu shot last season, I didn't get the flu, so it's obvious the shot protects me from all viruses.",false causality
"I've been eating less sugar since my doctor told me to, and I've been feeling better, so cutting sugar is clearly the key to my improved health.",false causality
"Implementing the new curriculum resulted in better test scores, so the curriculum change must have been the cause of the improvement.",false causality
I started attending my new English literature class and suddenly my reading comprehension improved; it's clear that the class is what improved my skills.,false causality
"Since the school's new policy of stricter dress code went into effect, the dropout rate decreased; this proves that the dress code policy directly contributed to the decrease.",false causality
"My science teacher changed our textbook mid-semester and soon after, our lab results started showing more accurate data; this suggests that the new textbook caused the better results.",false causality
The district invested in a new computer program and shortly thereafter students' math grades rose; it's evident that the program was the key to the improvement.,false causality
"The economy grew faster in the quarter following the tax cut, thus the tax cut must have been the cause.",false causality
"Increased demand for coffee led to higher housing prices; therefore, coffee consumption is the main driver of the housing market.",false causality
"If we raise the minimum wage, unemployment will increase, so the minimum wage hike is the reason for the job losses.",false causality
"The day the new economic policy was announced, the stock market soared – it's clear that the policy itself was responsible for the market surge.",false causality
"After the government invested in renewable energy, energy costs began to rise, indicating that the investment is actually making our energy bills more expensive.",false causality
"The new company's CEO started wearing a baseball cap to work every day, and soon the sales team began performing better, so the cap must be the reason.",false causality
"I stopped eating meat and a week later it started raining, I'm pretty sure the two are connected.",false causality
"After I got my car washed, I drove to the shop and they fixed a flat tire, so the car wash must have caused it.",false causality
"My neighbor planted flowers in his garden and the next day I received a parking ticket, it's obvious the flowers attracted the officer.",false causality
"I started exercising regularly and the next month our electricity bill went down, clearly my workouts were the reason for the savings.",false causality
The recent drought was directly caused by the new government's decision to reduce funding for the local water treatment plant.,false causality
"The city's new recycling program led to an increase in composting, which must be why our garbage collection costs went up.",false causality
"I've been composting for a week now and my garden is already looking healthier, so clearly composting causes healthy plants.",false causality
"The park where the new solar panels were installed has seen a decrease in bird populations, this is strong evidence that the solar panels are harming birds.",false causality
"Since the new rain garden was built, every time it rains the nearby stream gets flooded, therefore the rain garden must be the cause.",false causality
"As the refugee crisis continues to escalate, the faces of desperate families torn apart by war serve as a stark reminder of the humanitarian crisis unfolding on our doorstep.",appeal to emotion
"Critics of the president's latest economic policies are quick to forget the devastating impact of the 2008 financial crisis, which left countless families struggling to make ends meet.",appeal to emotion
"The decision to invest in renewable energy is not just an economic imperative, but also a moral obligation to ensure a livable planet for future generations.",appeal to emotion
"While proponents of the new healthcare bill focus on the cost savings and increased access, they neglect the very real human cost of forgoing life-saving treatments for those who can't afford them.",appeal to emotion
"Supporters of the proposed infrastructure spending bill argue that it's a much-needed investment in America's future, but opponents claim it's a wasteful handout to special interest groups at the expense of the average taxpayer.",appeal to emotion
"As the nation teeters on the brink of economic collapse, one cannot help but think of the countless families who will be left to suffer the consequences of inaction.",appeal to emotion
Investors who fail to act now will be complicit in the devastating economic fallout that threatens to wipe out the life savings of millions of hardworking Americans.,appeal to emotion
"Critics of the stimulus package would do well to remember the generations of workers who built this country through their sweat and toil, and consider whether abandoning their fellow citizens in their time of need is truly the rightcourse.",appeal to emotion
"With the national debt soaring to record highs, those who advocate for further government spending must confront the very real possibility that their children and grandchildren will inherit a financial burden that could last a lifetime.",appeal to emotion
The devastating impact of a potential recession on our nation's already-strained social safety net is a harsh reality that policymakers would do well to consider before making the next move in the economic arena.,appeal to emotion
The Devastating Consequences of Cutting Public Health Funding,appeal to emotion
"As the city grapples with a growing homeless population, it's hard not to think of the countless children who will be left without the healthcare they so desperately need if vital funding is axed.",appeal to emotion
The FDA's Decision to Approve a New Vaccine Leaves Many Parents Feeling Betrayed,appeal to emotion
"For families who have lost a child to a preventable disease, the FDA's decision to approve a new vaccine that could have changed the course of their tragedy feels like a cruel reminder of the system's failures.",appeal to emotion
A New Study Sheds Light on the Effects of Climate Change on Mental Health,appeal to emotion
The Devastating Impact of Inaction on Climate Change,appeal to emotion
"The recent surge in ocean temperatures poses an existential threat to our beloved coral reefs, a natural treasure that has captivated the hearts of generations. By refusing to prioritize carbon emissions reduction, are we truly willing to abandon these fragile ecosystems to the mercy of a merciless sea?",appeal to emotion
The Unseen Victims of Fossil Fuel Dependence,appeal to emotion
"Behind the statistics, a silent crisis is unfolding. Rising energy costs disproportionately affect vulnerable families, leaving them with a heartbreaking choice between heating their homes and putting food on the table. We owe it to ourselves to rethink our addiction to fossil fuels, for the sake of our most vulnerable neighbors.",appeal to emotion
"In a World Without Bees, We're All at Risk",appeal to emotion
"It's imperative that we invest in cutting-edge AI research to prevent our nation from falling behind in the global tech arena, lest we risk losing our economic footing and struggling to provide for future generations.",appeal to emotion
"The rapid advancements in facial recognition technology have sparked heated debates about surveillance and privacy, but let's not forget the countless lives that could be saved through more effective crime prevention and the swift apprehension of predators.",appeal to emotion
"Critics of the proposed social media regulation act often focus on the supposed stifling of free speech, but what about the countless teenagers who have been driven to despair by online bullying, only to find solace in the virtual anonymity of the internet?",appeal to emotion
"The notion that we should scrap existing cybersecurity standards in favor of a more laissez-faire approach is a reckless gamble, given the countless small businesses and individuals who have already fallen victim to devastating cyberattacks and are still reeling from the aftermath.",appeal to emotion
"A recent report highlights the dire consequences of neglecting our digital infrastructure, including crippling power outages and the potential loss of critical healthcare services, underscoring the urgent need for immediate investment and reform.",appeal to emotion
"As the state legislature considers a proposal to overhaul the education funding formula, advocates warn that any delay could mean a missed opportunity for struggling students who rely on the current system to get by.",appeal to emotion
"The recent closure of several underfunded schools has left families like Maria Rodriguez's scrambling to find alternative options for their children, highlighting the urgent need for reform.",appeal to emotion
"We mustn't forget the countless hours devoted by our dedicated teachers, who have always put the needs of their students above their own, making it the least we can do to provide them with the resources they deserve.",appeal to emotion
The long-term vision of a more equitable education system will only be achievable if we're willing to invest in the short-term costs of updating outdated infrastructure and training a new generation of educators.,appeal to emotion
"A recent survey found that nearly 70% of high school students reported feeling anxious about their future prospects, casting a spotlight on the importance of providing a quality public education that sets them up for long-term success.",appeal to emotion
"The city's rising rate of violent crime has many residents feeling anxious about their safety, particularly after the recent murder of a college student in a residential neighborhood.",appeal to emotion
"By imposing harsher penalties on convicted felons, we can honor the memories of those lost to the streets and give law enforcement the tools they need to protect our communities from repeat offenders.",appeal to emotion
"Some argue that the death penalty serves no practical purpose, but for the families who have lost loved ones to senseless violence, it can be a matter of justice and closure.",appeal to emotion
"The push for bail reform in some states has led to concerns about public safety, as defendants released on their own recognizance have committed heinous crimes while awaiting trial, leaving families shattered in their wake.",appeal to emotion
"Those who advocate for decarceration often overlook the real people who have been directly affected by crime, such as the children left to grow up without a parent due to incarceration.",appeal to emotion
"As the homeless crisis continues to grip our city, it's hard not to think of the countless families forced to live in makeshift shelters, their dignity and self-respect slowly eroding away.",appeal to emotion
The city council's plan to increase funding for affordable housing is not just a numbers game – it's about giving vulnerable individuals a second chance at a life of dignity and respect.,appeal to emotion
"As we mark the anniversary of the devastating wildfire that ravaged our town, it's clear that the real heroes of this story are the first responders who risked their lives to save others, and the least we can do is support the new conservation efforts aimed at preventing such disasters in the future.",appeal to emotion
"For generations, indigenous communities have fought to preserve their cultural heritage, and we must acknowledge the gravity of the situation: if we don't take action to protect their sacred sites, we're essentially erasing their history from the face of the earth.",appeal to emotion
"The recent outbreak of animal diseases in local farms is a stark reminder of the delicate balance between human and animal health, and as a society, it's our moral obligation to support the farmers who are working tirelessly to contain the crisis.",appeal to emotion
"As fans, we can't help but be drawn to the resilience of underdog teams like the struggling Red Devils, who are fighting to stay afloat despite crippling injuries and dismal attendance figures.",appeal to emotion
"The emotional toll on players like Jack Harris, who is now in his fourth consecutive season without a championship, has been palpable, leaving many to wonder if the current roster can ever truly succeed.",appeal to emotion
"While some argue that the stadium expansion plans are an investment in the team's future, others see it as a cold, calculating decision that disregards the human cost of a team's failures.",appeal to emotion
"Supporters have taken to social media to express their outrage at the team's recent trading activity, with many fans feeling betrayed by the departures of beloved players.",appeal to emotion
"The decision to move the annual charity game from the historic stadium to a more remote location has been met with frustration from some, who claim that the new venue lacks the emotional resonance of the original setting.",appeal to emotion
"As we consider the implications of climate change, we must remember the families who have already lost their livelihoods due to devastating floods and droughts; can we truly justify delaying action?",appeal to emotion
"The alarming rate of antibiotic resistance has prompted the medical community to sound the alarm: if we fail to adopt more stringent regulations, countless lives will be put at risk of untreatable infections.",appeal to emotion
"Researchers have long acknowledged the importance of funding for renewable energy; but for the sake of future generations, can we afford not to prioritize this vital investment in a cleaner, more sustainable world?",appeal to emotion
"The recent surge in shark attacks along our coastlines is a stark reminder of the delicate balance between human and marine ecosystems; in light of this, it's difficult to defend the lack of stringent environmental protections for these marine predators.",appeal to emotion
"While scientists have made strides in understanding the causes of autism, it's essential to acknowledge the emotional toll of this condition on families whose children have been diagnosed; in our hearts, we must continue to push for greater support and funding for autism research.",appeal to emotion
"If we don't cut taxes now, the economy will suffer and people will lose their jobs, leaving families to struggle through the holidays.",appeal to emotion
We can't let the government waste our hard-earned taxes on unnecessary programs when we have veterans who risked their lives for our country.,appeal to emotion
"You can't be opposed to this new policy, not after everything we've been through since 9/11.",appeal to emotion
Supporting this candidate is the only way to honor the memories of those who fought and died for our freedom.,appeal to emotion
"If we don't pass this bill now, the consequences will be catastrophic and the blame will fall squarely on our shoulders.",appeal to emotion
You'll be condemning your grandchildren to a life of chronic illness if you don't support vaccine mandates for kids.,appeal to emotion
"We can't just sit by and watch people suffer from diabetes, we have to act now and drastically lower our sugar intake.",appeal to emotion
"If you're against stricter regulations on tobacco, are you okay with putting your own family at risk of getting cancer?",appeal to emotion
It's heartbreaking to think about the families who've lost loved ones to preventable diseases because of a lack of access to healthcare; don't we want to do better than that?,appeal to emotion
"The high cost of medication is a cry for help, we have to do whatever it takes to make it more affordable for those who need it most.",appeal to emotion
You can't possibly support a new school budget if you're not willing to think about the impact on struggling single mothers working two jobs.,appeal to emotion
We can't just drop the arts program because it's not a 'practical' major – what about the students who will be heartbroken by losing their only creative outlet?,appeal to emotion
"If you're against standardized testing, do you have any idea how it's going to affect the kids who are already struggling to pass?",appeal to emotion
"Don't you want to make sure our school is taking care of its most vulnerable students, especially with the rising rates of mental health issues?",appeal to emotion
How can you justify cutting funding for after-school programs when you think about all the kids who rely on them for a healthy meal?,appeal to emotion
"You can't be serious about cutting funding for social welfare programs that support single mothers, do you really want to put more kids in poverty?",appeal to emotion
"If we don't bail out these small businesses, countless families will lose their livelihoods and have to live on the streets.",appeal to emotion
"You're advocating for higher taxes on the rich, but don't you think that's just punishing people who have worked hard to achieve their success?",appeal to emotion
"We can't just let another company go bankrupt, we have to save those jobs for the sake of the families who depend on them.",appeal to emotion
"You want to get rid of the minimum wage, but don't you think that's just going to hurt the poor and vulnerable employees who are barely scraping by?",appeal to emotion
You're really going to deprive those homeless people of a meal just because you don't want to donate to the food bank.,appeal to emotion
"If you support the new development project, you'll be a part of making our city the best place to live for families.",appeal to emotion
Don't you care about the safety of our firefighters who are risking their lives to save us from burning buildings every day?,appeal to emotion
How can you call yourself a good friend if you don't support me in buying this expensive designer handbag I've been eyeing?,appeal to emotion
"By not buying locally sourced products, you're essentially contributing to the downfall of our small town's economy and causing people to lose their jobs.",appeal to emotion
"We can't just sit back and do nothing while our planet is on the brink of disaster, imagine the future generations left to pick up the pieces of our inaction.",appeal to emotion
"If you care about your family's well-being and want to ensure they have clean air and water, you have to support stricter emissions regulations.",appeal to emotion
The thought of polar bears dying out due to climate change should be enough to convince anyone to reduce their carbon footprint.,appeal to emotion
How can you in good conscience continue to drive a gas-guzzling vehicle when you know it's contributing to air pollution and harming the health of those around you?,appeal to emotion
"If you don't support the development of renewable energy sources, are you prepared to accept the guilt of knowing you're contributing to the downfall of our ecosystems?",appeal to emotion
"The recent surge in support for universal basic income has sparked debate among economists, but the fact remains that several high-profile tech companies have implemented similar policies for their employees with great success.",ad populum
"While some critics argue that the tax increases proposed by the city's new mayor will hurt small businesses, the overwhelming majority of residents who attended last night's town hall meeting expressed support for the measure.",ad populum
"As the nation's largest grocery store chain rolls out its own line of plant-based meat alternatives, critics of the trend are increasingly outnumbered by consumers embracing the option.",ad populum
"Despite concerns about the environmental impact of single-use plastics, the fact that major cities around the world have failed to drastically change their consumption habits suggests that a nationwide ban might be overly ambitious.",ad populum
"Following the lead of popular social media influencers who swear by its benefits, many are now touting CBD oil as a miracle cure for everything from anxiety to chronic pain.",ad populum
"Millions have invested in cryptocurrency, and while it may seem volatile, their faith in it speaks to its potential for long-term growth.",ad populum
A recent survey found that 9 out of 10 business leaders believe in the importance of attending networking events; it's hard to deny the value of a strategy that's proven to be effective in the eyes of industry experts.,ad populum
"While critics warn of overspending, the sheer number of tourists visiting this city suggests that local businesses have a deep understanding of what visitors want and need.",ad populum
Studies show that nearly 70% of startups adopt a lean product development approach; it's likely that this proven method will continue to yield successful results.,ad populum
"Despite the risks, an influx of investors into this emerging market suggests that the benefits of involvement outweigh the downsides – a calculus echoed by many of the market's most astute observers.",ad populum
"The latest trend sweeping the globe of intermittent fasting has been adopted by millions worldwide, with celebrities and influencers swearing by its life-changing effects, suggesting a strong foundation in science.",ad populum
"A review of social media platforms reveals a significant uptick in users sharing testimonials about the benefits of turmeric supplements, underscoring its rapidly growing popularity.",ad populum
The fact that numerous countries have integrated telemedicine into their national healthcare systems underscores the efficacy and appeal of remote healthcare services.,ad populum
"Critics of the low-carb diet often fail to acknowledge the fact that millions of people have successfully implemented it, suggesting a lack of scientific basis for their skepticism.",ad populum
"Experts point to the impressive sales figures of CBD oil as evidence of its efficacy in managing anxiety, despite calls from some quarters for more robust clinical trials.",ad populum
"The recent trend of adopting sustainable agriculture practices has gained significant traction across the globe, with nearly 80% of major food producers shifting towards eco-friendly methods; it seems a seismic shift is underway in the industry's values.",ad populum
"A recent survey found that over 9 in 10 households in major American cities have adopted some form of energy-efficient practices, be it using low-flow showerheads or installing solar panels; this widespread adoption is undoubtedly a testament to the growing awareness of climate change.",ad populum
"Environmental experts point to the widespread adoption of electric vehicles by European countries as evidence of a successful transition to a more sustainable transportation model; as many as 6 out of 10 new car sales are now electric, suggesting a major shift in consumer behavior.",ad populum
Studies have shown that the vast majority of households with children have made significant changes to their daily routines in an effort to reduce their carbon footprint; this collective action by millions of families is a clear indicator that climate awareness is on the rise.,ad populum
"According to a report by the International Renewable Energy Agency, nearly 90% of major corporations have invested in renewable energy projects; this significant business commitment to sustainability is a clear vote of confidence in the viability of green energy solutions.",ad populum
"A recent survey by a prominent market research firm found that an overwhelming majority of users on popular social media platforms prefer the new augmented reality glasses from NeuroSpark, a trend that suggests the technology has a strong future in mainstream adoption.",ad populum
"The majority of industry insiders agree that AI-powered project management tools have become an essential part of modern software development, citing the widespread adoption of products like MavenMind as evidence of their effectiveness.",ad populum
"While some critics have raised concerns about the safety of high-speed driverless cars, proponents argue that they are here to stay, pointing to their increasing popularity among tech-savvy commuters who have already started using companies like Wayfind to get around cities.",ad populum
"A growing number of tech startups are turning to cloud-based cybersecurity services in order to protect their sensitive data, and given the success of companies like SecureSentry, it's clear that the trend is only going to continue.",ad populum
"A recent report by a leading tech analyst firm found that the majority of consumers who own smart home devices have reported higher degrees of satisfaction with their purchasing decisions, suggesting that the market for Internet of Things (IoT) products is only going to keep growing.",ad populum
"As the new semester begins, it's clear that online learning platforms have become an integral part of many students' routines, with over 80% of students across universities participating in some form of online coursework.",ad populum
"The trend among top-ranked universities to incorporate standardized testing as a core component of admissions evaluations is a clear indicator of its effectiveness, with such institutions boasting some of the best test scores and academic outcomes nationwide.",ad populum
"Critics of the proposed school district budget often point to the fact that the majority of parents and community members who attended the town hall meeting last night voiced opposition to the proposal, suggesting that the district should reconsider its spending priorities.",ad populum
"With over 90% of students in the city's public schools participating in the free breakfast program, it's clear that providing a nutritious meal in the morning has a significant impact on student performance and overall well-being.",ad populum
"Given the overwhelming support for charter schools in the latest state-wide poll, it seems that policymakers would be wise to prioritize funding and resources for the expansion of these institutions.",ad populum
"In a poll released recently, 75% of respondents expressed support for reinstating the death penalty in cases of high-profile murders.",ad populum
"Critics of the current justice system have long argued that capital punishment is an effective deterrent against violent crime, citing the fact that violent crime rates in Texas plummeted after the state reinstated the death penalty in 1976.",ad populum
"The widespread adoption of forensic science by law enforcement agencies across the country underscores the importance of DNA analysis in solving crimes, a fact highlighted by the successful use of genetic matching in the recent murder conviction of a serial killer.",ad populum
"Lawmakers have been under pressure to increase funding for police body cameras, particularly after a prominent police department with widespread camera use reported a significant drop in complaints against officers compared to other departments.",ad populum
"Despite concerns from civil liberties groups, a majority of voters have consistently supported the use of facial recognition technology by law enforcement to identify suspects, with many arguing it's an effective tool for reducing crime rates and keeping communities safe.",ad populum
"In a crowded field of politicians vying for the mayoral seat, the candidate with the highest public recognition has garnered support from over 70% of constituents, a clear indication that their leadership style will resonate with the masses.",ad populum
"As one of the most popular destinations for summer vacation, the fact that millions of travelers flock to the island each year is a testament to the unparalleled beauty and charm that makes it a gem in the tourism industry.",ad populum
"Despite criticism from some community groups, a recent survey revealed that the majority of local residents endorse the new skyscraper development plan, suggesting that the project's economic benefits outweigh the concerns over increased gentrification.",ad populum
"Social media platforms have reported a surge in posts and hashtags related to the trending wellness trend, with even A-list celebrities singing its praises – a clear endorsement of its legitimacy and effectiveness.",ad populum
"In a bid to boost sagging sales, the company has launched a new line of products that have proven to be a hit with consumers, with several hundred thousand units sold in the first month alone, a resounding vindication of their marketing strategy.",ad populum
"The majority of citizens in our country support stricter gun control laws, so it's clear we need to pass this legislation.",ad populum
"Since nearly nine out of ten people in this district oppose the incumbent, it's obvious the challenger is the better candidate.",ad populum
"Because millions of Americans vote for politicians who are anti-abortion, that must mean the pro-life stance is the most popular and therefore correct.",ad populum
"A poll of local residents shows an overwhelming majority supports increased funding for public schools, so it's only logical that we should prioritize education in our budget.",ad populum
"The majority of my friends have tried aloe vera juice to treat their digestive issues and swear by it, so I'm convinced it works for me too.",ad populum
"Everyone I know who has ever gone vegan has reported feeling better and losing weight, therefore a plant-based diet is the secret to optimal health.",ad populum
"Since so many people take probiotics daily and claim they're helping their gut health, it's a must-have supplement in my daily routine.",ad populum
"I've noticed that most of my coworkers who drink matcha tea every morning claim to have more energy and stay focused throughout the day, so I'll definitely start my day with a matcha shot from now on.",ad populum
"Just because 75% of students at this university use a certain calculator, it must be the best one for math classes.",ad populum
"Most students at my high school wore those exact same sneakers, so they must be comfortable.",ad populum
The fact that all my classmates are using a particular study method means it's the most effective way to learn for everyone.,ad populum
"Since 9 out of 10 students in this class are reading that textbook, it's the obvious choice for our curriculum.",ad populum
The fact that thousands of businesses invest in renewable energy every year proves its economic viability.,ad populum
"Most economists agree that austerity measures are the best solution to economic downturns, so they must be effective.",ad populum
"Just because a majority of investors are shifting their portfolios to cryptocurrency, it must be a reliable and secure investment option.",ad populum
"The vast majority of consumers prefer shopping at retail stores on Black Friday, so it must be the most cost-effective way to buy gifts.",ad populum
"Most people I know eat at that new restaurant every week, so it must serve the best food in town.",ad populum
"If millions of people buy that new smartphone, it must be the best on the market.",ad populum
"Just because everyone in the company uses that particular software, it doesn't mean it's the right choice for our project.",ad populum
"Since over half the country voted for that political candidate, their policies must be the best for our economy.",ad populum
"The proposed budget compromise seems to be a zero-sum game, with either the city's roads or its libraries suffering from the cuts, with no middle ground in sight for the financially strained residents.",false dilemma
"In the wake of the latest economic downturn, some argue that we must choose between protecting our most vulnerable citizens and stimulating economic growth through tax breaks – there's no alternative to this binary choice.",false dilemma
A recent study suggests that the current approach to addressing climate change is stuck between catastrophic regulation and catastrophic inaction – and that we cannot afford to wait for the perfect solution.,false dilemma
"Critics of the new healthcare plan say that it's a straightforward issue: we can either support a system that ensures everyone has access to quality care, or we can allow the free market to dictate who receives treatment and who doesn't – there's no third way.",false dilemma
"A proposed stimulus package, meant to boost local economies, has been met with fierce resistance from some lawmakers who argue that it will either lead to massive government debt or hinder economic growth with overly restrictive regulations.",false dilemma
"As the global climate crisis deepens, experts say that policymakers must choose between imposing drastic economic sanctions on carbon-intensive industries or doing nothing to address the crisis, a seemingly inevitable consequence of inaction.",false dilemma
"Critics of President Johnson's healthcare reforms argue that the only way to achieve universal coverage is through a system that either overreliances on private health insurance or establishes a completely socialized system, with no middle ground.",false dilemma
"Economists warn that if we don't take drastic measures to curb national spending, such as severe budget cuts or a national sales tax, our financial stability will continue to unravel.",false dilemma
"As a country, we can either drastically reduce our reliance on foreign pharmaceutical manufacturers, which would mean a significant overhaul of our drug distribution systems, or we continue to import the majority of our medications, potentially risking national security.",false dilemma
"A growing consensus among healthcare experts suggests that the only viable methods for addressing the rising rates of antibiotic resistance are either the development of entirely new antibiotics or the implementation of draconian restrictions on antibiotic use, despite some calling for more nuanced approaches to combating the issue.",false dilemma
"Policymakers are being forced to make an impossible choice regarding the future of our healthcare system: we can either opt for a single-payer system and face the inevitable consequences of an increased tax burden on the general public, or we can maintain the status quo and continue to see millions of Americans without access to adequate healthcare.",false dilemma
"Researchers at top universities are pushing for radical new treatments for Alzheimer's disease, arguing that we must either pursue highly speculative and experimental therapies or resign ourselves to a future where the disease remains largely untreatable, despite some arguing that incremental advances in medication and lifestyle changes could offer better long-term solutions.",false dilemma
The City Council is being forced to choose between investing in green infrastructure or raising property taxes to deal with the increasing stormwater management costs.,false dilemma
"The proposed carbon pricing scheme has been met with resistance from local industries, which claim it's either going to devastate their businesses or they'll have to relocate elsewhere.",false dilemma
"Environmental activists are pushing for the city to invest in mass transit, but critics argue this would either divert funds from more pressing social services or stifle the growth of local businesses.",false dilemma
The new federal climate bill has sparked a contentious debate between proponents who say it's a vital step towards addressing global warming and opponents who claim it's either a draconian measure that would strangle the economy or a watered-down attempt to appease special interests.,false dilemma
"The proposed bill aims to regulate social media giants, sparking a heated debate: on one hand, strict regulations would stifle free speech, while on the other, a hands-off approach would let these corporations run amok - the middle ground, it seems, is too delicate to navigate.",false dilemma
"Tech experts are divided over the feasibility of developing secure AI: either we invest heavily in cutting-edge research and risk creating an unstoppable monster, or we abandon the pursuit altogether and cede the field to rival nations - either choice has severe consequences.",false dilemma
"Critics of the new cybersecurity law argue that it will either strangle innovation or leave consumers vulnerable to cyber attacks - but what about alternative solutions, such as industry-led standards or more public-private partnerships?",false dilemma
The current state of online ad regulation has reached a critical juncture: policymakers must decide between a draconian crackdown on ad tech or a laissez-faire approach that effectively leaves users at the mercy of data-hungry behemoths - but what about nuanced solutions that address the core issues?,false dilemma
"Proposed budget cuts to the education department have sparked a heated debate, with critics asserting that without significant reductions in spending or raising taxes, the state will be forced to prioritize essential public services over educational initiatives.",false dilemma
A new report suggests that the current state of the economy necessitates either a drastic reduction in funding for teacher pensions or an increase in the burden on property owners through higher taxes.,false dilemma
"Local officials have been weighing the pros and cons of implementing a universal voucher program or dramatically expanding the number of charter schools in the district, arguing that either path will bring about meaningful reform.",false dilemma
"State lawmakers are under pressure to either abolish or significantly increase funding for the existing system of teacher evaluations, with proponents of reform claiming there is no alternative to ensuring accountability among educators.",false dilemma
"The Police Department's only option is to either increase surveillance or risk an uptick in crime rates, given the current budget constraints.",false dilemma
Supporters of prison reform are either naive about the nature of crime or believe in a utopian society where punishment is unnecessary; neither is a realistic solution.,false dilemma
A new report suggests that either the government must increase its spending on law enforcement or abandon its efforts to reduce crime altogether.,false dilemma
Critics of the current bail system argue that either we allow violent offenders back onto the streets or risk infringing on the rights of innocent defendants – a difficult choice that requires a careful balancing act.,false dilemma
"The city's struggling police department has been presented with a stark choice: either accept a 10% pay cut or face serious reductions in personnel, leaving residents even more vulnerable to crime.",false dilemma
"The proposed budget for the local park system has sparked heated debate, with critics arguing that either we privatize the parks or continue to drain taxpayers' wallets with bloated public spending.",false dilemma
"The decision to prioritize funding for affordable housing has been made more complicated by the need to either scale back other community development initiatives or dip deeper into city coffers, potentially stifling economic growth.",false dilemma
"Some advocates for the city's arts program argue that it's either a vital part of the community's cultural identity or a frivolous luxury that's unsustainable in the current economic climate, with no middle ground.",false dilemma
"If we don't invade another country, we'll be seen as weak and terrorists will continue unchecked – we can't afford to be either appeasers or aggressors.",false dilemma
Our party's proposal to reduce unemployment benefits is the only way to balance the budget – we can't just print more money or raise taxes.,false dilemma
"Either we pass this stricter voter ID law, or we risk an election system overrun by voter fraud – there are no other options to ensure election security.",false dilemma
"If you want to prevent cancer, you're either going to have to drastically change your diet or undergo a radical new surgery - there's no middle ground.",false dilemma
You can either take this new medication that's been linked to several adverse side effects or suffer from painful symptoms all your life - there's no other choice.,false dilemma
Our healthcare system is either going to collapse unless we drastically increase insurance premiums or severely cut back on vital services - it's not a matter of compromise.,false dilemma
"If we don't get the state to take over school administration, private schools will be forced to take over, and either way, our students will suffer.",false dilemma
"You either support Common Core, or you're against education reform – there's no middle ground.",false dilemma
"Either we allow charter schools to flourish or our students will continue to fall behind international standards, with no other options in sight.",false dilemma
"If we don't raise the cost of living allowance for low-income families, they will either sink into poverty or take advantage of government welfare programs.",false dilemma
We can either implement strict austerity measures or default on our national debt – there's no middle ground.,false dilemma
The only way to boost the economy is through either massive government bailouts or drastic reductions in government spending.,false dilemma
"You can either support our local business or shop at a big-box store, there's no middle ground.",false dilemma
We have two options: continue to drive and contribute to pollution or stop working and lose our livelihoods.,false dilemma
"You're either going to eat at this expensive restaurant or starve on the streets, that's just how it is.",false dilemma
The city's new tax reform package is receiving widespread support from residents because it directly reflects the values and needs of our community.,circular reasoning
"A leaked memo indicates that high-ranking officials have been secretly meeting with influential business leaders to discuss a new economic development plan, which, when implemented, will undoubtedly be successful because it has the backing of these key stakeholders.",circular reasoning
"Critics of the proposed national healthcare overhaul argue that it will inevitably fail, given its reliance on an already overburdened system that will be even more strained by the addition of millions of new patients.",circular reasoning
"The town's successful history of community-led revitalization projects serves as a model for its current efforts to revamp the neglected downtown area, because it's the same tried-and-true approach that has been proven to work in previous years.",circular reasoning
"Our economic strategy is built on a foundation of free market principles, and its success is a testament to the effectiveness of those principles, which have guided our approach to fiscal policy for decades.",circular reasoning
"The data-driven approach adopted by our financial regulators has been instrumental in driving growth, and it's no surprise that it's been adopted by regulators across the globe.",circular reasoning
"The recent surge in foreign investment can be directly attributed to our business-friendly environment, which is, in turn, a result of the competitive edge we've maintained through our robust economic policies.",circular reasoning
"The long-term growth projections indicate a steady increase in GDP, and this growth is only possible because our growth-oriented policies are already yielding results, reinforcing their efficacy.",circular reasoning
"The National Health Service's recent overhaul has been touted as a revolutionary change, and its proponents claim it is a massive success due to its holistic approach, which it defines as comprehensive and multifaceted.",circular reasoning
The growing demand for alternative medicine reflects an increasing recognition by the public of its long-standing acceptance within mainstream healthcare systems.,circular reasoning
"Studies show that hospital admissions for opioid overdoses have decreased in areas with more stringent prescription guidelines, proving that stricter regulations are essential in reducing opioid addiction.",circular reasoning
Researchers who have dedicated years to studying the medical benefits of cannabis argue that its potential health benefits are irrefutable because the sheer breadth of existing medical research supports a comprehensive evaluation.,circular reasoning
"Critics of the new sustainable energy plan say it's ineffective due to its high upfront costs, but proponents argue that long-term savings on energy bills outweigh the initial investment.",circular reasoning
"The city's new carbon offset initiative is crucial for meeting our green goals, because our green goals require a carbon offset initiative.",circular reasoning
"Economists are divided on the proposed eco-friendly tax incentive, with some arguing that it will stimulate growth, while others claim it's too broad and won't actually reduce emissions.",circular reasoning
"Studies show that community-led conservation efforts are vital to preserving biodiversity, because they are part of a comprehensive approach that includes community-led conservation efforts.",circular reasoning
"The new AI-powered virtual assistant, EchoMind, is poised to revolutionize the industry because it was designed to do so, leveraging the collective expertise of top AI researchers around the globe.",circular reasoning
"Many critics argue that Apple's recent shift towards a subscription-based model has been a massive success, but this is evident in the fact that Apple has stated the model has been a massive success.",circular reasoning
"Some experts claim that the blockchain-based cryptocurrency, ApexCoin, has seen unprecedented growth because its decentralized architecture enables it to scale more effectively – a fact that is directly reflected in its performance on the market.",circular reasoning
"Industry insiders point to the success of the innovative new video game, NovaVerse, as a testament to the power of cloud gaming, given that it was built specifically to take advantage of cloud gaming technology.",circular reasoning
"Our education system's focus on standardized tests is supported by the high performance rates we see among top-performing schools, demonstrating that our assessment methods are indeed effective.",circular reasoning
A leading education researcher argues that hands-on learning should be encouraged because the most innovative and creative thinkers have always learned through hands-on experience.,circular reasoning
"According to the new report from the education ministry, a rigorous evaluation process was followed to select the best proposals for the new teacher training initiative, which, predictably, were those that showed the most improvement under the ministry's guidelines.",circular reasoning
"By incorporating project-based learning into our curriculum, we are giving students the skills and knowledge they need to succeed in a rapidly changing world, and as we see from the latest survey results, that's exactly what our students are doing.",circular reasoning
"The city's aggressive policing strategy has proven effective in reducing crime rates, a trend that underscores the wisdom of continuing and even expanding this approach.",circular reasoning
"Critics of the recent sentencing overhaul may argue that it is overly lenient, but supporters point out that it has led to lower recidivism rates, a fact that demonstrates its fundamental soundness.",circular reasoning
"As our crime lab upgrades its forensic technology, investigators can now gather more reliable evidence, which in turn enables them to build stronger cases and ultimately secure convictions, a direct reflection of the lab's enhanced capabilities.",circular reasoning
"Despite ongoing debates over police body-camera policies, studies consistently show that departments with these measures in place see improved officer accountability, a dynamic that clearly justifies the continued implementation of body cams across the force.",circular reasoning
"Implementing stricter immigration controls leads to increased national security, which justifies stricter immigration controls.",circular reasoning
"In a recent study, critics of social media say that these platforms perpetuate misinformation by allowing unregulated content – a problem that arises from the very nature of unregulated content on social media outlets.",circular reasoning
"Relying on private healthcare providers to deliver medical services to underserved communities can alleviate some of the burden on government-funded healthcare systems, which are then in a position to more effectively support private healthcare providers.",circular reasoning
"By adopting a four-day workweek, businesses can enjoy significant productivity gains and operational cost savings that make the four-day workweek an attractive option.",circular reasoning
Our proposed tax reform is the best course of action because it is the product of years of research and deliberation by our expert team.,circular reasoning
The current administration's healthcare plan is a huge success because it's already been implemented and we're seeing positive results.,circular reasoning
We should support this new trade agreement because it has been thoroughly reviewed and validated by the very experts who helped negotiate it.,circular reasoning
This diet is the healthiest because it allows you to eat the foods that are best for your health.,circular reasoning
"The best treatment for depression is cognitive behavioral therapy, which has been shown to be a highly effective treatment for depression.",circular reasoning
"Since my doctor prescribed a medication, it's obvious that it's the right treatment because my doctor is a qualified medical professional, and they wouldn't prescribe something that didn't work.",circular reasoning
This course is a great investment because it's one of the most expensive and in-demand programs out there.,circular reasoning
"We should adopt this new curriculum because it's the best way to learn, and we know it's the best way to learn because we're adopting it.",circular reasoning
"A well-rounded education requires students to learn multiple subjects, like this course, because it's part of a well-rounded education.",circular reasoning
"We should invest in this company because our research indicates it will be a successful investment, and our research is based on the assumption that it will be successful.",circular reasoning
"This minimum wage increase is necessary because it will help low-income families, and we know it will help low-income families because it's a necessary increase.",circular reasoning
"The central bank's quantitative easing policy is effective because it increases liquidity, and we know it increases liquidity because quantitative easing is effective.",circular reasoning
My favorite TV show is the best because millions of people watch it and millions of people love it.,circular reasoning
"This new smartphone is the most secure because it has the best security features, which is why it's considered the most secure.",circular reasoning
"You can trust my opinion on this restaurant because I'm the most knowledgeable person about food in this city, clearly because I have the best taste in restaurants.",circular reasoning
The mayor's promise to tackle the city's crime rate by investing in new police technology raises questions about her commitment to addressing systemic inequalities.,fallacy of logic
The administration's plan to impose stricter immigration policies in response to rising economic concerns is a misguided attempt to mask the deeper issues driving these trends.,fallacy of logic
"Critics of the proposed education reform have pointed to a lack of transparency in the proposed curriculum, which they claim is an indication that the administration is hiding something.",fallacy of logic
"While proponents of the new tax law argue that it will create jobs and boost economic growth, opponents warn that the benefits may not trickle down to low-income residents, highlighting the need for more nuanced analysis.",fallacy of logic
"The rising costs of healthcare have been a major concern for Americans, and it's logical to assume that any solution to this crisis must prioritize increasing government spending on healthcare programs.",fallacy of logic
"As the economic downturn worsens, many pundits argue that the solution lies in cutting taxes, but this approach is undermined by the fact that the wealthy have always invested their earnings.",fallacy of logic
"The recent decline in stock market values can be directly linked to the failure of the current investment policies; therefore, it's clear that a complete overhaul of the financial system is necessary.",fallacy of logic
"A comprehensive analysis of the labor market reveals that the rise in automation has led to significant job displacement, and accordingly, it's undeniable that a universal basic income must be implemented to compensate for lost wages.",fallacy of logic
"A study in the Journal of Nutrition revealed a significant correlation between eating leafy greens and reduced risk of certain cancers, so anyone who consumes spinach regularly can be expected to never develop a tumor.",fallacy of logic
"Research has shown that patients with high blood pressure are more likely to suffer from heart disease if they smoke; therefore, anyone who smokes must already have high blood pressure.",fallacy of logic
"According to the American Heart Association, eating a balanced diet is crucial for maintaining a healthy weight, but the fact that an individual exercises frequently doesn't necessarily imply that their diet is balanced.",fallacy of logic
"Experts agree that drinking moderate amounts of red wine can have cardiovascular benefits; thus, anyone who consumes red wine regularly must be less susceptible to heart disease, even if they don't follow a healthy lifestyle.",fallacy of logic
"The rapid growth of sea level is a direct result of increased ocean currents, a phenomenon scientists have long warned about, now manifesting in devastating coastal flooding.",fallacy of logic
"Rising global temperatures have long been linked to more severe weather patterns, so it's little surprise that last winter's polar vortex event was a catastrophic one.",fallacy of logic
Preliminary studies indicate a disturbing correlation between increased pesticide use and declining bee populations; this should give pause to any who claim these chemicals are harmless.,fallacy of logic
"The recent uptick in extreme weather events has led many to conclude that human activity is responsible for climate change; yet those who dispute this notion often point to the cyclical nature of weather patterns, ignoring the fact that the frequency and severity of these events have increased dramatically in recent years.",fallacy of logic
"The rise of smartphone manufacturers in China has been staggering, driven largely by their ability to produce affordable devices that appeal to budget-conscious consumers; one such player, Xinghua Electronics, now boasts a significant market share after just two years in operation.",fallacy of logic
"In a move seen as a victory for open-source enthusiasts, the Linux-based operating system has been adopted by several major tech companies; it's no surprise, therefore, that these same firms have achieved impressive growth in their respective markets, fuelled by the flexibility and customizability of the Linux platform.",fallacy of logic
"Research has shown a direct correlation between the use of 5G networks and increased productivity among remote workers; given this, it's reasonable to assume that businesses that adopt 5G connectivity will experience similar gains in efficiency and competitiveness.",fallacy of logic
The proliferation of e-waste recycling centers has been accompanied by a decrease in the number of reported incidents involving hazardous electronic waste disposal; one possible explanation is that these centers have simply shifted the problem elsewhere.,fallacy of logic
"The proposed budget for a nationwide education overhaul has been met with widespread criticism, with many experts questioning the effectiveness of implementing a one-size-fits-all approach to curriculum design.",fallacy of logic
"It's clear that standardized tests are only as good as the teachers who administer them, and given the high turnover rate of educators across the country, it's reasonable to assume that this initiative will struggle to produce meaningful results.",fallacy of logic
"While there's no denying that the existing system is broken, the argument that technology integration will single-handedly solve the education crisis is at best premature, given the lack of clear-cut evidence on its long-term efficacy.",fallacy of logic
"Research suggests that increased funding for special education programs often leads to better academic outcomes for students with disabilities, but we mustn't ignore the obvious correlation between reduced funding for these programs and the subsequent decline in graduation rates among this demographic.",fallacy of logic
"Given the high rate of violent crimes in areas with high unemployment, it's only logical that the recent string of robberies in the downtown area is a direct result of the struggling local economy.",fallacy of logic
"The fact that several witnesses reported seeing a suspect in a white SUV fleeing the scene does not necessarily contradict the eyewitness account of a female perpetrator on foot, considering the erratic and desperate nature of the crime scene.",fallacy of logic
"While it's true that the defendant has a history of mental health issues, this in no way justifies the lenient sentence handed down by the judge, who clearly failed to consider the severity of the defendant's crimes.",fallacy of logic
"By linking the suspect's address to a known gang territory, investigators may be able to establish a motive for the brutal assault, even if they've yet to find any concrete evidence of gang involvement.",fallacy of logic
"In a recent report, it was discovered that 75% of households with a child under 10 years old were also subscribers to children's educational content services. One expert suggests that the proliferation of these services is a major driving force behind the declining rate of early literacy in our country.",fallacy of logic
"The uptick in individuals choosing to adopt a plant-based diet is directly correlated with a significant increase in the number of people who identify as vegans. While critics argue that this trend has led to a rise in expensive, resource-intensive food alternatives, supporters claim it's a necessary step towards a more sustainable lifestyle.",fallacy of logic
"A new study found that nearly all of the top-selling novels in the past decade were written by authors who had established themselves in the publishing world through their debut novels. This has led some to suggest that the publishing industry is now stacked against emerging authors, who face an insurmountable hurdle in getting their work noticed.",fallacy of logic
"Research indicates that areas with a high concentration of college-educated individuals also tend to have higher rates of homeownership. While some argue that this correlation is evidence that higher education is a key factor in achieving property ownership, others point out that this could simply be a sign of areas with more economic opportunities.",fallacy of logic
"The majority of voters in this district support stricter gun control, so it logically follows that our candidate's support for stricter gun control is what won them the election.",fallacy of logic
"If a person believes in smaller government, they must also believe in reducing taxes.",fallacy of logic
Our opponent's promise to increase funding for education cannot be fulfilled because they will also be cutting funding for other programs.,fallacy of logic
"If a person exercises regularly, they're more likely to have a healthy heart. Therefore, if someone has a heart condition, they must not exercise regularly.",fallacy of logic
"Most people who get vaccinated against a certain disease don't get the disease. Since you haven't gotten that disease, you must have been vaccinated.",fallacy of logic
"Since smokers are more prone to lung cancer, and you have lung cancer, it follows that you must be a smoker.",fallacy of logic
"All students who attend this school play sports, and this student attends school here, so they must be a good athlete.",fallacy of logic
"If a student can't balance their checkbook, it means they need to retake algebra, and this student can't balance their checkbook, therefore they must have not learned algebra properly.",fallacy of logic
"Since all students who graduate with honors are accepted into top colleges, this student graduated with honors, so they must have gotten accepted into a top college.",fallacy of logic
"Just because a company has high revenues doesn't mean it's profitable, but since this company made a lot of money last quarter, it must be profitable, and thus a good investment.",fallacy of logic
"The low unemployment rate in our state suggests a thriving economy, so if the unemployment rate goes down, it's clear that the economy is improving.",fallacy of logic
"If companies are cutting jobs, they must be struggling financially, because the CEO of that company just announced a 5% reduction in the workforce.",fallacy of logic
"I went to the store and bought a shirt that's made of cotton. Therefore, this shirt is made by the company I normally shop at.",fallacy of logic
"If it's morning, the sun is shining. It's morning, so the sun must be shining.",fallacy of logic
"A fire alarm is ringing in the building, and I see smoke coming from the kitchen. Therefore, the fire is definitely in the kitchen.",fallacy of logic
"Incidentally, Mayor Johnson's opponent has been spotted attending high-end charity events, which has raised questions about his priorities for the city's budget.",fallacy of relevance
Local animal lovers are questioning the sincerity of Representative Thompson's stance on conservation after it was revealed that her family owns a significant portion of land used for large-scale cattle ranching.,fallacy of relevance
"As the mayor's office continues to tout its efforts to reduce carbon emissions, environmental experts point out that the mayor's wife owns shares in a major fossil fuel company.",fallacy of relevance
"A review of Councilman Lee's past financial disclosures has uncovered several investments in companies with questionable ethical reputations, which some argue undermines his recent calls for greater transparency in city dealings.",fallacy of relevance
"Despite the CEO's strong track record of innovative investments, his penchant for playing golf at exclusive courses raises questions about his allegiance to the company's cost-cutting initiatives.",fallacy of relevance
"The city's new affordable housing plan has been touted as a game-changer, but critics point out that its lead proponent has a history of owning high-end real estate properties, undermining their claim to be championing affordability.",fallacy of relevance
"Some experts have praised the new economic stimulus package, but one notable exception is the economist who has made millions by investing in the private equity firm that stands to gain from its tax breaks.",fallacy of relevance
"While the new cryptocurrency regulations have garnered significant attention, it's worth noting that the committee chair's spouse owns a small stake in a rival digital currency exchange, potentially skewing their objectivity on the matter.",fallacy of relevance
"The doctor's proposal for more funding in cancer research has brought up questions about her own family's history of smoking, which might influence her perspective on the issue.",fallacy of relevance
Some critics are citing the pharmaceutical company's recent donation to a politician's campaign as reason to question the validity of a new medical treatment endorsed by that politician.,fallacy of relevance
"Despite calls for greater transparency in prescription drug pricing, one medical professional's silence on the issue may be due to her ties to a lobbying firm that represents a major pharmaceutical manufacturer.",fallacy of relevance
Advocates for increased vaccination rates have been quick to point out that some of the same experts now pushing for expanded vaccine mandates failed to fully disclose their past connections to a vaccine manufacturer in the early days of the vaccine's rollout.,fallacy of relevance
"As the company behind the devastating oil spill continues to push for offshore drilling, it's worth noting that their CEO is known to be an avid sailor and has invested heavily in marine equipment.",fallacy of relevance
It's clear that the city's new recycling program is ineffective when you consider that the mayor's staff is still using single-use plastics in meetings.,fallacy of relevance
"In light of concerns about the impact of fast fashion on the environment, it's difficult to take seriously the views of the fashion industry executive who has been known to show up to high-profile events wearing designer suits made from virgin materials.",fallacy of relevance
"Meanwhile, the environmental group's call to phase out fossil fuels is undermined by the fact that one of its key donors is a prominent fossil fuel investor who is currently building a new mansion.",fallacy of relevance
"The latest smartphone from Apple, unveiled at the annual tech conference, has been met with mixed reviews from critics, with some hailing its sleek design and others panning its battery life.",fallacy of relevance
"A growing concern among gamers, however, is the company's environmental record: it's reported that Apple's recent factory expansion has led to increased energy consumption.",fallacy of relevance
"While the new smart home device has integrated multiple AI assistants, critics point out that its manufacturer, a prominent tech firm, was involved in a highly publicized data breach several years ago.",fallacy of relevance
The announcement of a major update to the popular operating system has some wondering whether the company's recent hiring of a high-profile social media influencer reflects its priorities for community engagement over technical innovation.,fallacy of relevance
"It's worth noting that Professor Thompson, a vocal advocate for universal education, has a significant stake in a company that stands to benefit from the new education funding reforms she is proposing.",fallacy of relevance
"Some have raised eyebrows over the involvement of Senator Lee in the education reform bill, considering her daughter is a high school student who would directly benefit from the increased funding for schools.",fallacy of relevance
"While experts praise Dr. Patel's innovative approach to special education, it's interesting to highlight that she has never actually taught in a real classroom, let alone one with students from diverse socio-economic backgrounds.",fallacy of relevance
"The fact that school board member Johnson often attends PTA meetings, which are frequently criticized for being overly focused on trivial issues, raises questions about her commitment to true reform.",fallacy of relevance
"While some might argue that new laws mandating body cameras for police officers are a step in the right direction, it's worth noting that many proponents of these laws have vacationed in countries with a history of authoritarian regimes.",fallacy of relevance
"In the wake of recent controversies, we must consider the character of the activists speaking out against police brutality. For instance, one prominent advocate for police reform was seen socializing with a convicted felon at a high-profile charity gala.",fallacy of relevance
"As lawmakers weigh the merits of stricter sentencing for repeat offenders, it's interesting to observe that many of the most vocal supporters of this policy have benefited from their own experiences with reduced sentences in the past.",fallacy of relevance
The push for greater transparency in police department hiring practices often glosses over the fact that several prominent advocates for this policy have themselves faced hiring controversies in their own professional lives.,fallacy of relevance
Some community activists are questioning Mayor Johnson's commitment to affordable housing after it was revealed that his family owns a significant portion of the waterfront property being considered for development.,fallacy of relevance
"A recent interview with State Senator Thompson highlighted her stance on climate change, but she was photographed arriving at the event in a vehicle with a high carbon footprint, prompting some critics to raise questions about the authenticity of her environmental message.",fallacy of relevance
"While environmental groups praise Governor Martin's efforts to conserve wildlife habitats, his involvement in a high-profile hunting accident several years ago has raised eyebrows among some of his opponents.",fallacy of relevance
"As local leaders debate the merits of increased funding for arts programs, it's worth noting that Councilor Patel's family has a long history of operating a for-profit art school, which some view as a conflict of interest in the debate.",fallacy of relevance
"Just because the senator's daughter is a high school valedictorian, their economic policies must be good for the country.",fallacy of relevance
"He's a strong supporter of our national park system, but I've seen photos of him hunting in Montana, so his stance on environmental issues must be a lie.",fallacy of relevance
"The CEO of the oil company is an avid cyclist, which means their business practices are actually very sustainable and should be supported by our government.",fallacy of relevance
"She's a doctor who smokes, so her entire career has been a sham.",fallacy of relevance
"That person advocating for better air quality has asthma, so they just want to make themselves feel better.",fallacy of relevance
"He's pushing for more funding in cancer research, but he wears cologne every day.",fallacy of relevance
"She's just a graduate student herself, how can she possibly understand curriculum design for high school students?",fallacy of relevance
"Just because the professor is from a rural area, he can't possibly know the needs of urban students, so his pedagogical theories are invalid.",fallacy of relevance
"The school's principal has no siblings of their own, how can they truly understand the needs of students from large families to justify the current class size policy.",fallacy of relevance
He strongly advocates for increasing the minimum wage because his grandmother used to work minimum wage jobs when she was his age.,fallacy of relevance
The economist who supports free trade has a large collection of imported art in her home.,fallacy of relevance
"Just because he makes a living flipping stocks, he can't be trusted to know what's best for our local community in terms of economic development.",fallacy of relevance
He's clearly not an expert on sustainable living because he has a tattoo.,fallacy of relevance
You can't trust her opinion on social justice because she's a good dancer.,fallacy of relevance
We shouldn't give to the local food bank because the director drives a Prius.,fallacy of relevance
"Senator Thompson's call for background checks on all gun purchases has sparked controversy, with critics arguing that it sets a slippery slope for eventual disarmament.",fallacy of extension
"The mayor's proposal to ban single-use plastics in public spaces has been portrayed as an overreach, with some accusing her of trying to micromanage every aspect of citizens' lives.",fallacy of extension
"Opponents of the new climate change bill claim it will bankrupt small businesses and destroy the economy, citing the legislation's requirement for companies to disclose environmental impact as evidence of its draconian measures.",fallacy of extension
"The proposal to introduce a national identity card has been met with skepticism, with some arguing that it is a stepping stone for a more intrusive, Big Brother-style surveillance state.",fallacy of extension
"A recent proposal to increase taxes on the wealthy was framed as a bid to ""punish success"" and create a culture of envy, rather than a targeted effort to address income inequality.",fallacy of extension
"The Biden administration's plan to raise the minimum wage to $15 an hour was slammed by critics as a ""job-killing"" policy, despite supporters arguing it would merely raise the floor for working-class families.",fallacy of extension
"Economists who advocate for a more progressive wealth tax warn of a slippery slope towards socialist policies, neglecting the distinction between redistributive taxation and comprehensive government control.",fallacy of extension
"A leading advocate for climate action, calling for a 50% reduction in carbon emissions within a decade, was taken to task for ignoring the practical realities of transitioning away from fossil fuels, when in fact their plan emphasized the need for gradual, market-driven change.",fallacy of extension
"Critics of the recent proposal to increase funding for mental health services in low-income communities argue that it will enable people to avoid taking responsibility for their own wellness, essentially creating a culture of dependency on the government.",fallacy of extension
"Some opponents of sugary drink taxes claim that proponents want to eliminate all sugary beverages from the marketplace, essentially banning them altogether for the sake of public health.",fallacy of extension
"In a statement regarding the growing issue of antibiotic resistance, a prominent agricultural group expressed concern that stricter regulations on antibiotic use in farming will have a significant economic impact on the industry, and ultimately, the livelihoods of countless American families.",fallacy of extension
"Experts say that advocating for a higher minimum wage to address rising healthcare costs ignores the fact that many individuals in the service industry are actually incentivized to work less due to generous labor laws, and thus a wage hike will only lead to more idleness among the workforce.",fallacy of extension
"A recent proposal to reduce carbon emissions from large corporations would effectively eliminate any opportunity for them to innovate and create sustainable products, crippling the industry's potential for growth.",fallacy of extension
Critics of the new renewable energy initiative claim it would result in higher electric bills and force many low-income families to choose between paying their rent or keeping the lights on at home.,fallacy of extension
"The environmental lobby's push for single-use plastic bans has some questioning whether they're willing to sacrifice the livelihoods of working-class individuals in the recycling industry, who rely on these very practices to make ends meet.",fallacy of extension
"Opponents of a nationwide clean energy standard argue it would lead to a blanket prohibition on all fossil fuel usage, crippling rural communities that rely heavily on these resources for heating and transportation.",fallacy of extension
"The tech industry's recent push for more stringent data protection regulations threatens to strangle innovation and creativity, essentially mandating a return to a pre-digital dark age.",fallacy of extension
A prominent tech blogger's call for stricter data sharing regulations is seen by some as a thinly veiled attempt to shut down the entire digital economy and return to a bartering system.,fallacy of extension
Industry insiders warn that implementing the proposed AI regulatory framework would be tantamount to stifling the growth of an entire generation of entrepreneurs and startups.,fallacy of extension
"Critics argue that the new cybersecurity standards for IoT devices would lead to a massive recall of billions of dollars' worth of already sold gadgets, crippling consumer confidence and the economy at large.",fallacy of extension
"Legislators propose education overhaul with new teacher training requirements, arguing that educators need to prioritize STEM subjects to stay competitive globally; critics charge that the plan is 'drowning out the arts' in an era of 'technocratic homogenization.'",fallacy of extension
"A state bill aims to allocate more funds for charter schools, which proponents claim will provide students with more flexible learning options, but critics counter that this amounts to 'privatization of the entire public education system.'",fallacy of extension
"University administrators seek to implement standardized online platforms for student course evaluations, citing the need for greater data collection and analysis to improve student outcomes; however, some students worry that this will lead to 'over-surveillance' of their academic experiences.",fallacy of extension
"A local school district has implemented a new 'no-zero' grading policy, which supporters say helps to mitigate the negative impact of low grades on student mental health; detractors argue that the move 'abandons all standards of academic rigor' and undermines the value of hard work and accomplishment.",fallacy of extension
"Proponents of the new community policing initiative claim it's about addressing systemic issues, but their emphasis on building trust with local youth borders on naivety regarding the root causes of crime.",fallacy of extension
"Critics argue the proposed bail reform bill amounts to a free-for-all, essentially letting repeat offenders walk free and putting communities at risk, despite advocates insisting it will help reduce overcrowding in prisons.",fallacy of extension
"The push for more transparency in law enforcement records is being touted as a move towards accountability, but some see it as an invitation for vigilantes to scrutinize and harass officers doing their jobs.",fallacy of extension
"In response to growing concerns about police brutality, supporters of the new crisis intervention training programs are being accused of downplaying the severity of officer-on-citizen violence due to a perceived fixation on 'soft-policing' and coddling lawbreakers.",fallacy of extension
"The proposed emissions tax, pushed by environmental groups, is a clear attempt to suffocate the economy with bureaucratic red tape.",fallacy of extension
"Critics of the new hate speech laws claim they'll stifle free speech, but when you dig deeper, it's clear they're after a fundamental rewriting of the Bill of Rights.",fallacy of extension
"Progressive politicians' calls for universal healthcare are nothing but a slippery slope towards a single-payer system, where government control over the medical industry will be the end result.",fallacy of extension
The push for stricter regulations on social media is a thinly veiled attempt to control the narrative and silence any dissenting voices – it's a worrying trend towards a government-backed oligopoly on information.,fallacy of extension
"She's calling for a more robust social safety net, so she must think we should all be on welfare forever.",fallacy of extension
"If we let him speak at the rally, it means he's going to incite a riot and overthrow the government.",fallacy of extension
"They're saying we should raise the minimum wage to $15, so they expect businesses to just magically cover the cost without any consequences.",fallacy of extension
"'She's advocating for a sugar tax, so now she thinks all sweets should be banned.'",fallacy of extension
"'If he's concerned about over-prescription of antibiotics, he must think doctors are incompetent and can't diagnose anything correctly.'",fallacy of extension
"'He suggests we get more exercise through public bike-share programs, so I guess he wants to force people to ride bikes everywhere.'",fallacy of extension
She's proposing a five-day school week instead of year-round schooling because she's clearly in favor of kids having more homework and less recess.,fallacy of extension
"He advocates for mandatory math classes for all students, which means he wants to force students into a cookie-cutter educational experience that crushes creativity.",fallacy of extension
"The new curriculum suggests teaching emotional intelligence in elementary school, so she must think that every child should be a therapist by the time they're ten.",fallacy of extension
Suggesting a slight increase in the minimum wage is the same as advocating for a socialist takeover.,fallacy of extension
"If we implement a 1% tax on billionaires, they'll just pack up and leave the country.",fallacy of extension
Any policy to protect the environment will inevitably destroy entire industries and cause massive unemployment.,fallacy of extension
"She's advocating for a more sustainable wardrobe, which means she wants everyone to wear rags and look like a beggar.",fallacy of extension
"He thinks we should have more bike lanes, so he's clearly trying to ban all cars and grind the economy to a halt.",fallacy of extension
"If you think we should reduce our carbon footprint, it sounds like you want to shut down all industries and send us back to the Stone Age.",fallacy of extension
The City's Progressive Legacy Was Built on the Backs of Visionary Leaders Like Mayor Johnson.,intentional
"It's time to stop demonizing the current mayor for the city's budget issues - after all, the previous administration more than doubled the budget with similarly impressive results, paving the way for the economic growth we see today.",intentional
"As the latest economic numbers show, our city is now a leading hub for small businesses, thanks in large part to a favorable business tax environment that's long been a hallmark of our economic strategy.",intentional
Critics of the new downtown development plan are overlooking the fact that a similar project in a neighboring town resulted in an explosion of new businesses and jobs - and our plan incorporates many of the same successful elements.,intentional
"The Unintended Consequences of Regulation: A Study in Market Inefficiency found that increased taxes on fossil fuels can lead to job losses, yet many proponents of the policy gloss over this reality in favor of a simplistic emphasis on ""saving the planet.""",intentional
"The recent downturn in the auto industry has been widely attributed to the shift to electric vehicles, but a closer examination of the data reveals that a large portion of the decline can be tied to the increasing affordability of public transportation in urban areas.",intentional
"Proponents of the new trade deal often point out that it will reduce our country's reliance on foreign oil, but the actual impact on our energy independence is much more nuanced than they claim.",intentional
"A recent report highlights the benefits of investing in green infrastructure, including the creation of new jobs and a boost to local economies, yet critics of the plan argue that these benefits are largely overstated and that the true costs of implementing such projects have been conveniently overlooked.",intentional
"A recent study found that participants who inhaled natural essential oils while undergoing chemotherapy experienced significant improvements in mood, but this breakthrough is often overshadowed by warnings about the potential toxicity of essential oils when used excessively. Clearly, moderation is key when harnessing the benefits of aromatherapy.",intentional
"The Centers for Disease Control and Prevention have emphasized the critical role of vaccination in preventing the spread of infectious diseases. But let's not forget that widespread vaccination has its own risks, including the possibility of allergic reactions and increased susceptibility to other illnesses.",intentional
"In light of the ongoing debate over the safety of genetically modified organisms in food, it's essential to consider the long history of successfully cultivating and consuming GM crops in other parts of the world. This experience should provide valuable insights into the potential applications and benefits of GM foods in our own country.",intentional
"Critics of the proposed bill to increase funding for cancer research often point to the inefficiencies in the existing system as a reason to reduce support for new initiatives. However, supporters argue that these inefficiencies are a necessary evil in the pursuit of medical breakthroughs, and that the reward is a life potentially saved by a cure found down the line.",intentional
"The city of Springfield's green initiative has been touted as a model for sustainability, but a closer look at the numbers suggests that its carbon footprint has actually increased by a mere 0.1% over the past year.",intentional
"A recent study on the effectiveness of renewable energy sources found that solar and wind power are ""inevitably unpredictable and unreliable,"" undermining the case for investing in these technologies.",intentional
"Critics of the proposed wind farm near the coastal town of Oceanview point out that its installation would ""disrupt the delicate marine ecosystem"" and threaten the livelihoods of local fishermen, even though independent experts have consistently found the project to pose minimal environmental risks.",intentional
"While advocates of sustainable forestry practices argue that responsible logging is essential for forest health, a review of the company's logging history reveals that it has consistently clear-cut large swaths of forest, sparking concerns about long-term environmental sustainability.",intentional
"In an apparent attempt to boost domestic production, a new trade deal has been touted as a huge success in ""reshoring"" manufacturing jobs, claims its proponents. However, a closer look at the data reveals that while the number of domestic jobs may have increased, the actual number of goods produced here in the US has actually decreased.",intentional
"Our top-selling smartphone has once again topped the charts for battery life, and it's easy to see why – it's been engineered to be power-efficient, but its compact size means users can only fit the largest capacity battery in the smallest possible space.",intentional
"In a major coup for the tech sector, a prominent industry analyst has hailed today's breakthrough announcement as the most significant in years, despite the fact that it merely represents a refinement of existing technology.",intentional
"Critics of the new AI-powered smart home system have been quick to point out that its algorithms were trained on a dataset that is heavily biased towards affluent white households, but proponents argue that this simply reflects the demographics of the average smart home user.",intentional
"In a move hailed as a major breakthrough, the new education initiative will provide 200 more teachers to struggling schools, effectively doubling the number of educators in these districts.",intentional
"The real question is, how can we afford not to invest in this program when the alternative is a generation of uneducated students weighing down our economy.",intentional
"Critics of the proposed voucher system say it will divert precious funds from public schools, but proponents counter that private schools have proven to be a safer haven for students with special needs.",intentional
"Some argue that the emphasis on standardized testing has improved student performance, but can we truly say it's the sole reason for that improvement when so many other factors come into play.",intentional
"A surge in violent crimes across the nation's capital has been directly linked to the city's lenient sentencing policies, a stark contrast to the more stringent approach taken by neighboring states.",intentional
The alarming rate at which convicted felons are released back into the community is a stark reminder that rehabilitation programs are woefully inadequate in preparing offenders for life outside the prison walls.,intentional
"As the debate over police brutality continues, it's worth noting that the vast majority of officers involved in questionable shooting incidents are from under-resourced communities, casting doubt on the notion that systemic racism is the primary issue at hand.",intentional
"Crime rates have plummeted in cities where curfews for minors have been effectively enforced, a testament to the common-sense approach of parents and community leaders who know what's best for our nation's youth.",intentional
"The rising cost of affordable housing can be attributed to the shortsightedness of local governments, which have repeatedly allowed developers to construct high-rise luxury apartments, effectively pricing out long-time residents.",intentional
A study published in a reputable scientific journal found that cities with high percentages of immigrants have lower crime rates; it's therefore only logical that a city aiming to reduce crime would prioritize welcoming immigrants.,intentional
"Critics of the new tax reform bill argue that it disproportionately benefits the wealthy, but supporters counter that these individuals are the backbone of our economy, creating jobs and driving innovation – without them, we'd be languishing in stagnation.",intentional
"In an effort to combat rising temperatures, many cities are investing in green infrastructure; however, one must consider the economic realities of implementing such initiatives – will the costs outweigh the benefits for already cash-strapped municipalities?",intentional
"Our opponent's policies will bankrupt the country within 5 years if we don't elect our candidate, and I have the documents to prove it.",intentional
"The other side is so extreme, they'd rather see our economy collapse than admit they're wrong about free trade.",intentional
"Studies show that our candidate's tax plan will create 5 million jobs, while theirs will only result in 50,000 – it's a clear choice for American workers.",intentional
"The new medication is 99.9% effective, which is clearly a huge improvement over the 80% of the old medication.",intentional
"These new supplements have been scientifically proven to prevent 85% of diseases, it's just a matter of time before they become the standard treatment.",intentional
"Studies have shown that eating one serving of our brand of energy bars a day can help you lose 10 pounds in 30 days, and let's be real, who doesn't want to lose 10 pounds in a month?",intentional
"Our school district is clearly better than the one across town because it has more 'state-of-the-art' technology, which is a key factor in determining student success.",intentional
"If you really care about your child's education, you'll send them to our school because our graduation rates are literally twice as high as the nearby public school.",intentional
"The 'experts agree' that our school's innovative approach to learning is the most effective method, despite a complete lack of peer-reviewed research to support this claim.",intentional
"The company's profits have increased by 10% over the past year, which is a clear indication that their new CEO is doing a great job and their competitors are failing.",intentional
"We've done the research and found that our product is twice as efficient as the leading competitor, but what the numbers don't show is the countless hours of labor and resources required to achieve that efficiency.",intentional
"Study after study has shown that raising the minimum wage leads to higher unemployment, but my company's experience proves that's not true – we raised our minimum wage and our profits soared.",intentional
"I'm not arguing with your point, I'm just pointing out that you're being close-minded and refusing to listen to the facts that prove my side is right.",intentional
"You can't afford not to buy this car because the price is so low, it's practically stealing.",intentional
"If you're against our new development plan, then you must hate growth and progress, and therefore must be against progress in general.",intentional
